ID,Selejt
ITEM_13000,0.3933448277619577
ITEM_13001,0.9133314293819605
ITEM_13002,0.8474958451241988
ITEM_13003,0.4809687859112734
ITEM_13004,0.4544246533608106
ITEM_13005,0.31014027950079504
ITEM_13006,0.23695977639664126
ITEM_13007,0.2657607794988052
ITEM_13008,0.3549432673479148
ITEM_13009,0.2732800005877508
ITEM_13010,0.41384420773755926
ITEM_13011,0.2403485246531982
ITEM_13012,0.8529895883667886
ITEM_13013,0.2319314394586103
ITEM_13014,0.2776777050844871
ITEM_13015,0.21646647541201355
ITEM_13016,0.4119559502382688
ITEM_13017,0.15355285339387129
ITEM_13018,0.6768916531244566
ITEM_13019,0.8543456419444051
ITEM_13020,0.25136844415236864
ITEM_13021,0.4859038418523024
ITEM_13022,0.2295251847511037
ITEM_13023,0.5887408903866015
ITEM_13024,0.6660622794352796
ITEM_13025,0.08776723457720385
ITEM_13026,0.6134030151597122
ITEM_13027,0.6500012217339846
ITEM_13028,0.3075025612779827
ITEM_13029,0.7240399185297164
ITEM_13030,0.48199071256651577
ITEM_13031,0.04586395375281995
ITEM_13032,0.17337964209039655
ITEM_13033,0.32289800975745425
ITEM_13034,0.22736917472718374
ITEM_13035,0.9115283578322328
ITEM_13036,0.9499433722538361
ITEM_13037,0.12049786523210544
ITEM_13038,0.4683972161820814
ITEM_13039,0.3494374228703918
ITEM_13040,0.8969836092007842
ITEM_13041,0.4591991306792297
ITEM_13042,0.13287141730754626
ITEM_13043,0.46519060393424294
ITEM_13044,0.5422234191834298
ITEM_13045,0.5264855323002283
ITEM_13046,0.768829909663776
ITEM_13047,0.23746603801357685
ITEM_13048,0.5042863794241434
ITEM_13049,0.8347440539276391
ITEM_13050,0.5135181230388551
ITEM_13051,0.5367824915654209
ITEM_13052,0.6761250809317411
ITEM_13053,0.44261277516040004
ITEM_13054,0.7547047889961362
ITEM_13055,0.5819515626617449
ITEM_13056,0.7692163898426427
ITEM_13057,0.7034000299156241
ITEM_13058,0.4436554671481343
ITEM_13059,0.1405121811686885
ITEM_13060,0.8845603415246095
ITEM_13061,0.4152013500206409
ITEM_13062,0.8491212868796607
ITEM_13063,0.5119397533312823
ITEM_13064,0.9835774162279941
ITEM_13065,0.938906558050174
ITEM_13066,0.7301766320026192
ITEM_13067,0.9172340830689786
ITEM_13068,0.3838960377779205
ITEM_13069,0.8727642500561938
ITEM_13070,0.5607523160642766
ITEM_13071,0.6953252635270427
ITEM_13072,0.8091305838905558
ITEM_13073,0.291542059736908
ITEM_13074,0.661683923672617
ITEM_13075,0.6625886299703766
ITEM_13076,0.4642066777709158
ITEM_13077,0.20907378927629183
ITEM_13078,0.39698655888763007
ITEM_13079,0.8797845461242357
ITEM_13080,0.4848566218270866
ITEM_13081,0.9090518203933582
ITEM_13082,0.9671788541102849
ITEM_13083,0.8096409902218487
ITEM_13084,0.776209581473712
ITEM_13085,0.30871740564069533
ITEM_13086,0.9373200004891756
ITEM_13087,0.6627053110097398
ITEM_13088,0.7565390822902018
ITEM_13089,0.8901031099296456
ITEM_13090,0.8308865274248436
ITEM_13091,0.29152103993734363
ITEM_13092,0.09607427366159557
ITEM_13093,0.9487736344911595
ITEM_13094,0.9719972120328424
ITEM_13095,0.9167080833583953
ITEM_13096,0.11073914380950332
ITEM_13097,0.6138062366704563
ITEM_13098,0.4029820609859597
ITEM_13099,0.829960925380293
ITEM_13100,0.3566941560515305
ITEM_13101,0.5505224751272314
ITEM_13102,0.21433092170278237
ITEM_13103,0.5782350345140794
ITEM_13104,0.30499299010098324
ITEM_13105,0.2360131408920881
ITEM_13106,0.2227154588278687
ITEM_13107,0.1076651670666387
ITEM_13108,0.3775449582446586
ITEM_13109,0.11852518155765954
ITEM_13110,0.18359359706792108
ITEM_13111,0.4759182787940679
ITEM_13112,0.8537384137437691
ITEM_13113,0.8506971886779146
ITEM_13114,0.34557405143828046
ITEM_13115,0.6553259144734627
ITEM_13116,0.48511282369692366
ITEM_13117,0.908290330077784
ITEM_13118,0.9352825771276629
ITEM_13119,0.30592423811372743
ITEM_13120,0.22007125161966656
ITEM_13121,0.27632973012974604
ITEM_13122,0.6968530441636326
ITEM_13123,0.7382360290345114
ITEM_13124,0.5534021807141403
ITEM_13125,0.06590771769178941
ITEM_13126,0.6407915277403382
ITEM_13127,0.08792187950520158
ITEM_13128,0.2988564076911116
ITEM_13129,0.2499870314397224
ITEM_13130,0.7788709738627176
ITEM_13131,0.3515450876083567
ITEM_13132,0.9026822611304288
ITEM_13133,0.16777625888325853
ITEM_13134,0.8208306183955831
ITEM_13135,0.31977456481110655
ITEM_13136,0.06900139086961422
ITEM_13137,0.665517439915175
ITEM_13138,0.7115078595182007
ITEM_13139,0.1357705124202209
ITEM_13140,0.9018656407310723
ITEM_13141,0.6754618081657306
ITEM_13142,0.8496572807756666
ITEM_13143,0.2941859845261069
ITEM_13144,0.2482191604910989
ITEM_13145,0.2529096612162844
ITEM_13146,0.2345564530410631
ITEM_13147,0.5529866446183537
ITEM_13148,0.8049202618615109
ITEM_13149,0.21818051879319372
ITEM_13150,0.6927060562458722
ITEM_13151,0.2288894909368036
ITEM_13152,0.6852283527817221
ITEM_13153,0.44076254560022926
ITEM_13154,0.3054442043415146
ITEM_13155,0.550990683557999
ITEM_13156,0.9340335354018612
ITEM_13157,0.6615367393345578
ITEM_13158,0.2339949303993568
ITEM_13159,0.6679072920764736
ITEM_13160,0.5515219663107305
ITEM_13161,0.9003286197382898
ITEM_13162,0.8396827616956131
ITEM_13163,0.20752092330567595
ITEM_13164,0.28195778451697956
ITEM_13165,0.3625459203945396
ITEM_13166,0.31019035338793566
ITEM_13167,0.7647019641246341
ITEM_13168,0.583260559244972
ITEM_13169,0.7763344589031157
ITEM_13170,0.9056722635323536
ITEM_13171,0.36994357340237916
ITEM_13172,0.5507978889650106
ITEM_13173,0.23997501205085736
ITEM_13174,0.2683719547885226
ITEM_13175,0.967029343887034
ITEM_13176,0.21903255673986285
ITEM_13177,0.209383474971586
ITEM_13178,0.2857553230702131
ITEM_13179,0.35065888883768853
ITEM_13180,0.3725916207693454
ITEM_13181,0.6235737838714002
ITEM_13182,0.7698347431755698
ITEM_13183,0.7846845468381917
ITEM_13184,0.05232624554661806
ITEM_13185,0.5373962238018043
ITEM_13186,0.5840841187814063
ITEM_13187,0.24770749614484028
ITEM_13188,0.5565169452940598
ITEM_13189,0.5876842879182281
ITEM_13190,0.6397542636948866
ITEM_13191,0.5370072986766189
ITEM_13192,0.804318730333499
ITEM_13193,0.13990153644360634
ITEM_13194,0.8904897996967519
ITEM_13195,0.4252405599170996
ITEM_13196,0.8455955053336616
ITEM_13197,0.09708809033631983
ITEM_13198,0.19834823637121546
ITEM_13199,0.6004174449607242
ITEM_13200,0.7938965684397071
ITEM_13201,0.877744353023641
ITEM_13202,0.8518033769884217
ITEM_13203,0.8330929938352171
ITEM_13204,0.09921226492851262
ITEM_13205,0.4954820667394134
ITEM_13206,0.7880581265166744
ITEM_13207,0.510172739120617
ITEM_13208,0.1710369376117899
ITEM_13209,0.8646575229790733
ITEM_13210,0.6131858605073587
ITEM_13211,0.46939611100690043
ITEM_13212,0.3259319278932541
ITEM_13213,0.13611148614945565
ITEM_13214,0.0955627808192552
ITEM_13215,0.2873725431175917
ITEM_13216,0.6877940702158281
ITEM_13217,0.4763461534708597
ITEM_13218,0.33850199348231136
ITEM_13219,0.9396665169111852
ITEM_13220,0.5954198609176201
ITEM_13221,0.2280375824680424
ITEM_13222,0.2371343693147218
ITEM_13223,0.7621973394964868
ITEM_13224,0.9232960849718533
ITEM_13225,0.1734676830389833
ITEM_13226,0.427314719787615
ITEM_13227,0.6721567633870328
ITEM_13228,0.5037117344520222
ITEM_13229,0.2840373349723408
ITEM_13230,0.3535043212624308
ITEM_13231,0.8166696825537494
ITEM_13232,0.04525261253454419
ITEM_13233,0.12142055599107189
ITEM_13234,0.7912673949856267
ITEM_13235,0.13167365866053599
ITEM_13236,0.6500664458833835
ITEM_13237,0.8836860438872178
ITEM_13238,0.05072583457219126
ITEM_13239,0.6260503688628752
ITEM_13240,0.21590134086751714
ITEM_13241,0.6424321480329653
ITEM_13242,0.20823946056608764
ITEM_13243,0.831046843918944
ITEM_13244,0.6007012768326562
ITEM_13245,0.2648156267707462
ITEM_13246,0.19757312829001528
ITEM_13247,0.347736029986495
ITEM_13248,0.20666589209061936
ITEM_13249,0.5334542915087219
ITEM_13250,0.2732181660434002
ITEM_13251,0.5896950366608051
ITEM_13252,0.5216106123346385
ITEM_13253,0.14666959984624542
ITEM_13254,0.5715312148382655
ITEM_13255,0.36742758284673127
ITEM_13256,0.3655997280086229
ITEM_13257,0.9193595034457932
ITEM_13258,0.40359179078987584
ITEM_13259,0.42057145407679297
ITEM_13260,0.5082304992121398
ITEM_13261,0.7250842187312138
ITEM_13262,0.4842710469600566
ITEM_13263,0.28395069492052194
ITEM_13264,0.5989178550166481
ITEM_13265,0.9348647432197001
ITEM_13266,0.8936330915367013
ITEM_13267,0.9116698417172877
ITEM_13268,0.9357531229705016
ITEM_13269,0.039823814112836226
ITEM_13270,0.42488689180315725
ITEM_13271,0.22525582560541968
ITEM_13272,0.557985869675025
ITEM_13273,0.7062004411683882
ITEM_13274,0.2879136982978049
ITEM_13275,0.5233673020021248
ITEM_13276,0.14480314058050267
ITEM_13277,0.20649926554941211
ITEM_13278,0.8795981048543029
ITEM_13279,0.0734590778550758
ITEM_13280,0.441155616994913
ITEM_13281,0.17803788312528981
ITEM_13282,0.44019329415292724
ITEM_13283,0.01867505720217551
ITEM_13284,0.5435662271802113
ITEM_13285,0.3519707539058313
ITEM_13286,0.5647113696476166
ITEM_13287,0.3333127361526854
ITEM_13288,0.35936051894377347
ITEM_13289,0.636514046191076
ITEM_13290,0.6708579821818368
ITEM_13291,0.7161118800104639
ITEM_13292,0.809984622525912
ITEM_13293,0.41215018562703476
ITEM_13294,0.40055064778350585
ITEM_13295,0.15956592698560268
ITEM_13296,0.2950686970909169
ITEM_13297,0.08093251754463339
ITEM_13298,0.06984156891114246
ITEM_13299,0.4434114029601658
ITEM_13300,0.5014895322040406
ITEM_13301,0.8146248843996121
ITEM_13302,0.6957631496532706
ITEM_13303,0.06916651251307013
ITEM_13304,0.7616960976834753
ITEM_13305,0.15571927586286444
ITEM_13306,0.41888372115659067
ITEM_13307,0.7184146946231424
ITEM_13308,0.269304918890683
ITEM_13309,0.40924601902710384
ITEM_13310,0.6246887674864641
ITEM_13311,0.43044312555343583
ITEM_13312,0.297165593314092
ITEM_13313,0.5008298908860103
ITEM_13314,0.38997393343236136
ITEM_13315,0.8614013690179165
ITEM_13316,0.1938202763865162
ITEM_13317,0.20473989871156556
ITEM_13318,0.040867879722743965
ITEM_13319,0.4587246481357668
ITEM_13320,0.35447711530363324
ITEM_13321,0.09348931873093963
ITEM_13322,0.6956083279148956
ITEM_13323,0.20825876303597304
ITEM_13324,0.16218928002001645
ITEM_13325,0.7521056668701159
ITEM_13326,0.11725304233545637
ITEM_13327,0.5715937389700397
ITEM_13328,0.6975396839057986
ITEM_13329,0.9214641359237837
ITEM_13330,0.5249761517259418
ITEM_13331,0.09556147573796703
ITEM_13332,0.41879147868415906
ITEM_13333,0.9235340320211266
ITEM_13334,0.7085340430385391
ITEM_13335,0.7514197427213168
ITEM_13336,0.6037446175760937
ITEM_13337,0.8451122651212625
ITEM_13338,0.2232333380863167
ITEM_13339,0.5274250220543009
ITEM_13340,0.2812548523133644
ITEM_13341,0.6871007364477468
ITEM_13342,0.4972138501832336
ITEM_13343,0.12086741482530156
ITEM_13344,0.1944518542423681
ITEM_13345,0.972289044173761
ITEM_13346,0.8638530998727135
ITEM_13347,0.5823709457267955
ITEM_13348,0.24618216648458843
ITEM_13349,0.16310404560126476
ITEM_13350,0.6421910328020262
ITEM_13351,0.8049320686600444
ITEM_13352,0.38097588041323044
ITEM_13353,0.42202032450252425
ITEM_13354,0.19924213851054284
ITEM_13355,0.2060174007684174
ITEM_13356,0.21538240555278426
ITEM_13357,0.5125893592050155
ITEM_13358,0.5660147970064505
ITEM_13359,0.17180235828172885
ITEM_13360,0.17761030538642902
ITEM_13361,0.21426545591399285
ITEM_13362,0.5366785993935748
ITEM_13363,0.19960771278684455
ITEM_13364,0.13081608854302812
ITEM_13365,0.895190804097024
ITEM_13366,0.20001391238816998
ITEM_13367,0.2365157170148038
ITEM_13368,0.9381106161027454
ITEM_13369,0.4645769552366433
ITEM_13370,0.5408321107754355
ITEM_13371,0.7928726584923411
ITEM_13372,0.5908978557052297
ITEM_13373,0.5943265150496013
ITEM_13374,0.12567990319568975
ITEM_13375,0.13107672801379602
ITEM_13376,0.9077372954874557
ITEM_13377,0.16830164395442007
ITEM_13378,0.6980774515458292
ITEM_13379,0.49980129959709024
ITEM_13380,0.49572077851740765
ITEM_13381,0.66875136004048
ITEM_13382,0.8289754417257174
ITEM_13383,0.5924300632172789
ITEM_13384,0.15824797328779236
ITEM_13385,0.3768115262282001
ITEM_13386,0.6920203706623703
ITEM_13387,0.7415072431381515
ITEM_13388,0.1519901703703185
ITEM_13389,0.3635028656402837
ITEM_13390,0.6261894990560968
ITEM_13391,0.21974299900505567
ITEM_13392,0.8105913833283132
ITEM_13393,0.20992640540771548
ITEM_13394,0.9196242415513968
ITEM_13395,0.7820874874128091
ITEM_13396,0.8359974533377544
ITEM_13397,0.7181382482488906
ITEM_13398,0.521383621565932
ITEM_13399,0.7707913613975295
ITEM_13400,0.6386967159416321
ITEM_13401,0.6684487562896185
ITEM_13402,0.7537147061021374
ITEM_13403,0.5743929138283831
ITEM_13404,0.6362788523927037
ITEM_13405,0.817272190284695
ITEM_13406,0.7181642489659575
ITEM_13407,0.39089104479890235
ITEM_13408,0.4059239733460879
ITEM_13409,0.8065865520696701
ITEM_13410,0.14166421247948396
ITEM_13411,0.7741393113002217
ITEM_13412,0.8777380157034452
ITEM_13413,0.5047292675794839
ITEM_13414,0.024362751199900168
ITEM_13415,0.25059267936557456
ITEM_13416,0.4923178703465863
ITEM_13417,0.10330308683326313
ITEM_13418,0.7136017133514349
ITEM_13419,0.8020716522743129
ITEM_13420,0.5785210766648438
ITEM_13421,0.7577888820657009
ITEM_13422,0.3421888819641901
ITEM_13423,0.7579254809888553
ITEM_13424,0.8990330582329619
ITEM_13425,0.48786349582858546
ITEM_13426,0.1842168022568426
ITEM_13427,0.56167074037439
ITEM_13428,0.5677160686916755
ITEM_13429,0.7534996276254384
ITEM_13430,0.1872876692627356
ITEM_13431,0.6368268465248468
ITEM_13432,0.4208688708519699
ITEM_13433,0.18818861291422445
ITEM_13434,0.4782956748794533
ITEM_13435,0.11008074823304334
ITEM_13436,0.8750652925051974
ITEM_13437,0.03719002736578911
ITEM_13438,0.3753246527527487
ITEM_13439,0.4124645776400166
ITEM_13440,0.6282432446605122
ITEM_13441,0.6197524715037865
ITEM_13442,0.8494008616506175
ITEM_13443,0.5642491269470572
ITEM_13444,0.27090459440013404
ITEM_13445,0.30142232762707544
ITEM_13446,0.4020777072335124
ITEM_13447,0.9857799258359858
ITEM_13448,0.08408902839190634
ITEM_13449,0.6524292079190418
ITEM_13450,0.19368414401262876
ITEM_13451,0.7871546510585133
ITEM_13452,0.07465925815115194
ITEM_13453,0.7015233550912902
ITEM_13454,0.6898912393202771
ITEM_13455,0.6614854164370234
ITEM_13456,0.4831200234715108
ITEM_13457,0.3365443792184183
ITEM_13458,0.1770910830965104
ITEM_13459,0.16197882682138287
ITEM_13460,0.30232051206203264
ITEM_13461,0.8668113570950269
ITEM_13462,0.20211946971315953
ITEM_13463,0.6941778607128373
ITEM_13464,0.19407309181273089
ITEM_13465,0.461722098760315
ITEM_13466,0.6158610384067782
ITEM_13467,0.7904262643346165
ITEM_13468,0.3878801853388052
ITEM_13469,0.8650332443803842
ITEM_13470,0.10977081056161024
ITEM_13471,0.7988364317534642
ITEM_13472,0.7457383104910134
ITEM_13473,0.6239840007144266
ITEM_13474,0.4355230040578321
ITEM_13475,0.04163469214435288
ITEM_13476,0.23543581183896647
ITEM_13477,0.4286204241272346
ITEM_13478,0.7433217549837831
ITEM_13479,0.25435938221951787
ITEM_13480,0.21970439681359735
ITEM_13481,0.22285144247900715
ITEM_13482,0.6969430429457454
ITEM_13483,0.812631672173198
ITEM_13484,0.5450587068202336
ITEM_13485,0.8708323625180359
ITEM_13486,0.414948266746592
ITEM_13487,0.2765638419637592
ITEM_13488,0.5921632451419667
ITEM_13489,0.15359139854828882
ITEM_13490,0.44749077939444243
ITEM_13491,0.4050162199348734
ITEM_13492,0.9715632619781036
ITEM_13493,0.11131417032472193
ITEM_13494,0.11335992597860402
ITEM_13495,0.9302921376218525
ITEM_13496,0.9555831657155639
ITEM_13497,0.9185361506060018
ITEM_13498,0.14991273375011557
ITEM_13499,0.6224794034442578
ITEM_13500,0.7775349144975956
ITEM_13501,0.8668567586639988
ITEM_13502,0.07369946675681535
ITEM_13503,0.7437655442937472
ITEM_13504,0.5931290280564127
ITEM_13505,0.23547321924279369
ITEM_13506,0.5839757306702427
ITEM_13507,0.33055841333713276
ITEM_13508,0.38273117003559953
ITEM_13509,0.3228035508152541
ITEM_13510,0.09982232452363811
ITEM_13511,0.38504524422962244
ITEM_13512,0.563516472655827
ITEM_13513,0.13519177149002654
ITEM_13514,0.4985766161412861
ITEM_13515,0.4495924881492585
ITEM_13516,0.5985462078300047
ITEM_13517,0.12074381824245935
ITEM_13518,0.26379129881210667
ITEM_13519,0.4106684497398694
ITEM_13520,0.867071945515768
ITEM_13521,0.632075590508596
ITEM_13522,0.2600965581245246
ITEM_13523,0.12751905288760998
ITEM_13524,0.21199727992109121
ITEM_13525,0.26023488602992473
ITEM_13526,0.07941826718334799
ITEM_13527,0.8853718573276359
ITEM_13528,0.7024634960322249
ITEM_13529,0.475234817700062
ITEM_13530,0.4956897333915559
ITEM_13531,0.2592736644069585
ITEM_13532,0.09141521140535726
ITEM_13533,0.8092052568152887
ITEM_13534,0.1494284483956063
ITEM_13535,0.7649957585882357
ITEM_13536,0.1612864966433451
ITEM_13537,0.14133515020203472
ITEM_13538,0.8423886320602441
ITEM_13539,0.9341628470378394
ITEM_13540,0.30632928557939
ITEM_13541,0.3844534578363921
ITEM_13542,0.8987604234326428
ITEM_13543,0.8152561427907022
ITEM_13544,0.7457768201102404
ITEM_13545,0.8121392744173819
ITEM_13546,0.30166615104316546
ITEM_13547,0.5396278180241224
ITEM_13548,0.7841422596113082
ITEM_13549,0.16032264499730864
ITEM_13550,0.3247195688978051
ITEM_13551,0.6630145400320795
ITEM_13552,0.4981406504693026
ITEM_13553,0.7171419755361326
ITEM_13554,0.36366630736572386
ITEM_13555,0.8331613719402151
ITEM_13556,0.7836869097080742
ITEM_13557,0.7561176227880313
ITEM_13558,0.7279960864146331
ITEM_13559,0.30111336921371995
ITEM_13560,0.8533288438165052
ITEM_13561,0.1049475665153767
ITEM_13562,0.16248745169354914
ITEM_13563,0.24932107789929409
ITEM_13564,0.8725104616215267
ITEM_13565,0.3240737890303542
ITEM_13566,0.7071164395870457
ITEM_13567,0.23447464748611746
ITEM_13568,0.8012589069905202
ITEM_13569,0.2754256120881017
ITEM_13570,0.07511471202672065
ITEM_13571,0.8410734516836879
ITEM_13572,0.3437918191091718
ITEM_13573,0.7835902830678646
ITEM_13574,0.07903818072274871
ITEM_13575,0.7994359868925301
ITEM_13576,0.512079833211087
ITEM_13577,0.6576782843836557
ITEM_13578,0.9497605401304803
ITEM_13579,0.37674385233708985
ITEM_13580,0.7880926121327362
ITEM_13581,0.43460186665026873
ITEM_13582,0.19079406859823989
ITEM_13583,0.5494398109236094
ITEM_13584,0.9897297167235296
ITEM_13585,0.2263814071984607
ITEM_13586,0.7909947719742301
ITEM_13587,0.6752758023888253
ITEM_13588,0.15582974617443573
ITEM_13589,0.8149578664813035
ITEM_13590,0.11663332532281749
ITEM_13591,0.21605027086309653
ITEM_13592,0.7378187667000679
ITEM_13593,0.7588644387895369
ITEM_13594,0.35718121238543754
ITEM_13595,0.23059303039035742
ITEM_13596,0.48636473988586465
ITEM_13597,0.5755562424049551
ITEM_13598,0.8680711536334239
ITEM_13599,0.1672854742277976
ITEM_13600,0.3735321154034623
ITEM_13601,0.18468905609393738
ITEM_13602,0.53001875380798
ITEM_13603,0.862753468297505
ITEM_13604,0.2578306852205101
ITEM_13605,0.46813467476003673
ITEM_13606,0.1599670973162436
ITEM_13607,0.7204490183069763
ITEM_13608,0.872942887357049
ITEM_13609,0.9693151769458893
ITEM_13610,0.19813930871412075
ITEM_13611,0.7149840872107959
ITEM_13612,0.6062556977834107
ITEM_13613,0.6346641967435306
ITEM_13614,0.5637493248342429
ITEM_13615,0.0339397639206997
ITEM_13616,0.13457604574090834
ITEM_13617,0.5981756253496598
ITEM_13618,0.5877559372824979
ITEM_13619,0.45396648222312475
ITEM_13620,0.29503413732741146
ITEM_13621,0.3808330799929031
ITEM_13622,0.44104943956682713
ITEM_13623,0.5077461818026218
ITEM_13624,0.37701028552615856
ITEM_13625,0.3672355845332846
ITEM_13626,0.5964272344116002
ITEM_13627,0.9439710855630584
ITEM_13628,0.41188271151824574
ITEM_13629,0.27712437456663785
ITEM_13630,0.9615709863867941
ITEM_13631,0.17869688953129395
ITEM_13632,0.567688302440367
ITEM_13633,0.8180858848500941
ITEM_13634,0.3615002439168497
ITEM_13635,0.9377556141159286
ITEM_13636,0.7805401155350482
ITEM_13637,0.9068222646996643
ITEM_13638,0.8055562280873768
ITEM_13639,0.6719464757269259
ITEM_13640,0.7837765038881894
ITEM_13641,0.6279043754352053
ITEM_13642,0.8132839494831268
ITEM_13643,0.9317379855115281
ITEM_13644,0.4768855081118476
ITEM_13645,0.1921508365765756
ITEM_13646,0.3932969518094156
ITEM_13647,0.7715768465154272
ITEM_13648,0.6263055894983172
ITEM_13649,0.8073432389951549
ITEM_13650,0.16455493463196397
ITEM_13651,0.34995790866042753
ITEM_13652,0.8022799267375105
ITEM_13653,0.3238469408628875
ITEM_13654,0.28302897757921136
ITEM_13655,0.1954105275107955
ITEM_13656,0.858527955615512
ITEM_13657,0.51805088945039
ITEM_13658,0.3420057681442374
ITEM_13659,0.6745811692764225
ITEM_13660,0.933696778029896
ITEM_13661,0.26788064716388815
ITEM_13662,0.39078268736989624
ITEM_13663,0.25108424390186673
ITEM_13664,0.4709155539006661
ITEM_13665,0.9014263214768765
ITEM_13666,0.16575778622161225
ITEM_13667,0.44339372481810924
ITEM_13668,0.7785963357185204
ITEM_13669,0.348628831856938
ITEM_13670,0.2617496688376139
ITEM_13671,0.5107353983393143
ITEM_13672,0.6810567986525808
ITEM_13673,0.2360222535746905
ITEM_13674,0.18800773450037442
ITEM_13675,0.13084081711033124
ITEM_13676,0.468453622595701
ITEM_13677,0.4878654062915664
ITEM_13678,0.6274518722441436
ITEM_13679,0.390601616315788
ITEM_13680,0.5752924056842966
ITEM_13681,0.25806700813696687
ITEM_13682,0.8604148747784213
ITEM_13683,0.9591091270885106
ITEM_13684,0.678451543959704
ITEM_13685,0.33341144108705045
ITEM_13686,0.7911807888499792
ITEM_13687,0.719307965284041
ITEM_13688,0.28055464796329005
ITEM_13689,0.7717651280352704
ITEM_13690,0.3005041543103785
ITEM_13691,0.6154240660972039
ITEM_13692,0.5490847179923055
ITEM_13693,0.27091558550402256
ITEM_13694,0.626924177049704
ITEM_13695,0.7608503391428856
ITEM_13696,0.24957454600464246
ITEM_13697,0.22734551853861182
ITEM_13698,0.28919407623290455
ITEM_13699,0.3748841575455515
ITEM_13700,0.9554108475537302
ITEM_13701,0.13789910176692763
ITEM_13702,0.1587262746404085
ITEM_13703,0.5416363487395753
ITEM_13704,0.5023638843013339
ITEM_13705,0.8403647014134017
ITEM_13706,0.9718730460997487
ITEM_13707,0.42131791862111995
ITEM_13708,0.5574778761446166
ITEM_13709,0.10058302772357262
ITEM_13710,0.6574886401125285
ITEM_13711,0.8258022478848555
ITEM_13712,0.38128366474938374
ITEM_13713,0.3297029838692884
ITEM_13714,0.1356401051929161
ITEM_13715,0.3511517717804171
ITEM_13716,0.26007462683855925
ITEM_13717,0.14040922006104495
ITEM_13718,0.3787008853581856
ITEM_13719,0.41251292982638005
ITEM_13720,0.6298223068984685
ITEM_13721,0.34257606665091545
ITEM_13722,0.939219859074133
ITEM_13723,0.47078354213014967
ITEM_13724,0.40242828509167705
ITEM_13725,0.11015282612518101
ITEM_13726,0.6159468258303566
ITEM_13727,0.6458427038969816
ITEM_13728,0.2694391339997288
ITEM_13729,0.9401772037647701
ITEM_13730,0.06777573300017453
ITEM_13731,0.5293067365643074
ITEM_13732,0.18759941588994775
ITEM_13733,0.8869660829829916
ITEM_13734,0.4203771963340441
ITEM_13735,0.6670168967311325
ITEM_13736,0.460738305978396
ITEM_13737,0.9535701941343175
ITEM_13738,0.3668656482604351
ITEM_13739,0.9463715905781767
ITEM_13740,0.37571381627249756
ITEM_13741,0.13569109942847227
ITEM_13742,0.27163887099594625
ITEM_13743,0.6724207977754317
ITEM_13744,0.9507203663035528
ITEM_13745,0.21784918717583193
ITEM_13746,0.8952536096090074
ITEM_13747,0.24848347393624418
ITEM_13748,0.9665073412641465
ITEM_13749,0.780283598768442
ITEM_13750,0.15377386527452527
ITEM_13751,0.7400367888074219
ITEM_13752,0.0687135715232113
ITEM_13753,0.911346051362819
ITEM_13754,0.21903203909676375
ITEM_13755,0.783977421346939
ITEM_13756,0.31407270518254377
ITEM_13757,0.9122476307646036
ITEM_13758,0.5718205925230443
ITEM_13759,0.7891889068148145
ITEM_13760,0.8915511456527664
ITEM_13761,0.6441812469607663
ITEM_13762,0.39079155090896084
ITEM_13763,0.3137137715753897
ITEM_13764,0.8844217765274717
ITEM_13765,0.7442821572668878
ITEM_13766,0.3456669285019074
ITEM_13767,0.5004879793242718
ITEM_13768,0.32357138908583255
ITEM_13769,0.5735882842955985
ITEM_13770,0.04354678687710009
ITEM_13771,0.0846832387822565
ITEM_13772,0.8292035786674979
ITEM_13773,0.7959367822713865
ITEM_13774,0.20563980321969547
ITEM_13775,0.91157681705221
ITEM_13776,0.0319911807617154
ITEM_13777,0.19329397463831102
ITEM_13778,0.10744284905382284
ITEM_13779,0.917677438017149
ITEM_13780,0.8841714828818101
ITEM_13781,0.3186142872041768
ITEM_13782,0.5408237313921431
ITEM_13783,0.029256553357835523
ITEM_13784,0.3149161144704527
ITEM_13785,0.9769917066372151
ITEM_13786,0.1731241454952394
ITEM_13787,0.7778280021123966
ITEM_13788,0.46429834967404054
ITEM_13789,0.4422881762818904
ITEM_13790,0.4600150558110684
ITEM_13791,0.8766863180182949
ITEM_13792,0.012529644004054374
ITEM_13793,0.6580237719892897
ITEM_13794,0.3385231825351457
ITEM_13795,0.5670957578567709
ITEM_13796,0.07799603816856429
ITEM_13797,0.2091777331498351
ITEM_13798,0.8827413834064021
ITEM_13799,0.34946143998260265
ITEM_13800,0.1320209890254438
ITEM_13801,0.28733356787028386
ITEM_13802,0.4279892010776997
ITEM_13803,0.15798909239007058
ITEM_13804,0.8862123605555899
ITEM_13805,0.44305469012588006
ITEM_13806,0.7573323878736762
ITEM_13807,0.5515868112440059
ITEM_13808,0.36695857001123355
ITEM_13809,0.5712055290446293
ITEM_13810,0.6067023587805068
ITEM_13811,0.22042763829476542
ITEM_13812,0.6500999569080416
ITEM_13813,0.13124190429270402
ITEM_13814,0.6770054904523324
ITEM_13815,0.9654845280603477
ITEM_13816,0.12605285163802368
ITEM_13817,0.9016046338932217
ITEM_13818,0.30096902763269445
ITEM_13819,0.8077297801132561
ITEM_13820,0.1938923413701795
ITEM_13821,0.4277067650400773
ITEM_13822,0.5593108013421598
ITEM_13823,0.7979002930419962
ITEM_13824,0.9036541004869723
ITEM_13825,0.45202220519298525
ITEM_13826,0.19577286216076256
ITEM_13827,0.6569111874936406
ITEM_13828,0.2823594506250417
ITEM_13829,0.608124614545001
ITEM_13830,0.6192589881874713
ITEM_13831,0.6483712870485324
ITEM_13832,0.03660931583709276
ITEM_13833,0.9398743154877539
ITEM_13834,0.5902214930224512
ITEM_13835,0.1548808859343786
ITEM_13836,0.29455220279021294
ITEM_13837,0.8836149277428181
ITEM_13838,0.0764329048096749
ITEM_13839,0.15455408942073956
ITEM_13840,0.7852146451019383
ITEM_13841,0.38122107301932995
ITEM_13842,0.6804069787082736
ITEM_13843,0.2817464206229454
ITEM_13844,0.2635349457748982
ITEM_13845,0.7558745132677809
ITEM_13846,0.6395008620093393
ITEM_13847,0.7963007264146125
ITEM_13848,0.44701503505568096
ITEM_13849,0.5284569580823656
ITEM_13850,0.8446218363186215
ITEM_13851,0.6363224832231271
ITEM_13852,0.029060344392404854
ITEM_13853,0.38432904162181186
ITEM_13854,0.647291732337416
ITEM_13855,0.0044005922392558435
ITEM_13856,0.14505208071133358
ITEM_13857,0.7926134834683903
ITEM_13858,0.4447068289509497
ITEM_13859,0.4769493804811634
ITEM_13860,0.7759664344452859
ITEM_13861,0.21453298672258525
ITEM_13862,0.9326190665309905
ITEM_13863,0.25460683135122364
ITEM_13864,0.8835322103629636
ITEM_13865,0.5775149138794995
ITEM_13866,0.07576273784002573
ITEM_13867,0.927038464368461
ITEM_13868,0.23353613953143618
ITEM_13869,0.45303051892625423
ITEM_13870,0.5274988162026234
ITEM_13871,0.8094596029077754
ITEM_13872,0.4723741637473845
ITEM_13873,0.7865385494471523
ITEM_13874,0.0917396880404465
ITEM_13875,0.25834884837181776
ITEM_13876,0.32100940587127347
ITEM_13877,0.34372642024542044
ITEM_13878,0.8515851422299596
ITEM_13879,0.32075059104658904
ITEM_13880,0.09080381144488295
ITEM_13881,0.028381137858975593
ITEM_13882,0.5648654778959835
ITEM_13883,0.123798188901031
ITEM_13884,0.8410266820677358
ITEM_13885,0.8290977157814782
ITEM_13886,0.2548417948881794
ITEM_13887,0.3806457870954471
ITEM_13888,0.5284442567445716
ITEM_13889,0.5455512400546257
ITEM_13890,0.7672343028458527
ITEM_13891,0.09198059377282487
ITEM_13892,0.5544902502638419
ITEM_13893,0.7367131552512269
ITEM_13894,0.6471297990937596
ITEM_13895,0.16692945084249652
ITEM_13896,0.22843915570608378
ITEM_13897,0.10263977841703315
ITEM_13898,0.30178791045893555
ITEM_13899,0.14945980275511495
ITEM_13900,0.6044236596685972
ITEM_13901,0.8106907772270897
ITEM_13902,0.27745609298407165
ITEM_13903,0.24009634101263588
ITEM_13904,0.5291439621634867
ITEM_13905,0.7042358383542906
ITEM_13906,0.25878371141851964
ITEM_13907,0.1827389229611575
ITEM_13908,0.4984894576035491
ITEM_13909,0.6459624107923094
ITEM_13910,0.21834000411963678
ITEM_13911,0.8539139985268002
ITEM_13912,0.6359926114626393
ITEM_13913,0.21584794957951292
ITEM_13914,0.754363499840998
ITEM_13915,0.9147524987191242
ITEM_13916,0.7825691330317052
ITEM_13917,0.22057467334283115
ITEM_13918,0.02783452287955333
ITEM_13919,0.2631367394312926
ITEM_13920,0.07730320861070887
ITEM_13921,0.9282195381062173
ITEM_13922,0.3586025448028943
ITEM_13923,0.7630506763141776
ITEM_13924,0.21876661758573115
ITEM_13925,0.245101108495089
ITEM_13926,0.2473676502730778
ITEM_13927,0.3349940069076717
ITEM_13928,0.5409268768104732
ITEM_13929,0.4040802957154066
ITEM_13930,0.4530042514758145
ITEM_13931,0.7405740518909408
ITEM_13932,0.28024015063917596
ITEM_13933,0.7150518551832198
ITEM_13934,0.8091742443522258
ITEM_13935,0.3082649853368516
ITEM_13936,0.5737332554811387
ITEM_13937,0.7794227740289388
ITEM_13938,0.7178761748131113
ITEM_13939,0.4765908628326059
ITEM_13940,0.5065125284184636
ITEM_13941,0.6698739415803852
ITEM_13942,0.5405175112180439
ITEM_13943,0.7433554390653291
ITEM_13944,0.3184953439982535
ITEM_13945,0.07973907853097
ITEM_13946,0.3372962824949004
ITEM_13947,0.38236747441777114
ITEM_13948,0.3424723990293827
ITEM_13949,0.784376846926031
ITEM_13950,0.6322194242644997
ITEM_13951,0.9357295361772244
ITEM_13952,0.08637346720042414
ITEM_13953,0.31392234978729505
ITEM_13954,0.8579110265749693
ITEM_13955,0.225436195851776
ITEM_13956,0.6072605966726111
ITEM_13957,0.49746488435841596
ITEM_13958,0.5197572875734805
ITEM_13959,0.7934032518258932
ITEM_13960,0.9890925541176568
ITEM_13961,0.6724112425345905
ITEM_13962,0.8766361517741078
ITEM_13963,0.7331613712203142
ITEM_13964,0.6537480862747431
ITEM_13965,0.9324864953269526
ITEM_13966,0.729866467141274
ITEM_13967,0.8251853760387083
ITEM_13968,0.11677924787683865
ITEM_13969,0.5203568417163454
ITEM_13970,0.807953781133763
ITEM_13971,0.6619667470659668
ITEM_13972,0.7199377274005642
ITEM_13973,0.8372702161176409
ITEM_13974,0.8232517613578066
ITEM_13975,0.7982118054119112
ITEM_13976,0.20437095247327788
ITEM_13977,0.5901097743998115
ITEM_13978,0.3724242223094035
ITEM_13979,0.15145845020670343
ITEM_13980,0.16738490500360984
ITEM_13981,0.9163145894697624
ITEM_13982,0.9470064759629054
ITEM_13983,0.3355623795719717
ITEM_13984,0.6952952501474267
ITEM_13985,0.11845511155243839
ITEM_13986,0.9040185041691751
ITEM_13987,0.23697589185977935
ITEM_13988,0.6903717089588584
ITEM_13989,0.22252133292943646
ITEM_13990,0.4383801476493082
ITEM_13991,0.42418752820315936
ITEM_13992,0.43503493229553303
ITEM_13993,0.7814448723074577
ITEM_13994,0.08772734035203164
ITEM_13995,0.3626143220450425
ITEM_13996,0.6192986749485723
ITEM_13997,0.4791265260654139
ITEM_13998,0.12240774249874957
ITEM_13999,0.21246894754647846
ITEM_14000,0.813735123553968
ITEM_14001,0.015546639009167269
ITEM_14002,0.050719928679768225
ITEM_14003,0.3306557067944975
ITEM_14004,0.07693408911888701
ITEM_14005,0.2727503694962659
ITEM_14006,0.5985226219238845
ITEM_14007,0.1507714865075707
ITEM_14008,0.8534392876756951
ITEM_14009,0.7006729314378081
ITEM_14010,0.6238098056891723
ITEM_14011,0.9456663997752853
ITEM_14012,0.6467311214874863
ITEM_14013,0.8240195584026119
ITEM_14014,0.9617040924851049
ITEM_14015,0.685226686315901
ITEM_14016,0.24263028812524148
ITEM_14017,0.8133291289830685
ITEM_14018,0.6184864985878367
ITEM_14019,0.5262489077556392
ITEM_14020,0.12830089624849642
ITEM_14021,0.629807314183366
ITEM_14022,0.5852045590361687
ITEM_14023,0.4391225523607085
ITEM_14024,0.519012499049741
ITEM_14025,0.9332191866302013
ITEM_14026,0.5414382404501703
ITEM_14027,0.39228458301370134
ITEM_14028,0.8621168620756028
ITEM_14029,0.3270353729872646
ITEM_14030,0.7795502170402357
ITEM_14031,0.041110132996697225
ITEM_14032,0.5166664768686972
ITEM_14033,0.34938185283092377
ITEM_14034,0.9013719505864689
ITEM_14035,0.3120381499995644
ITEM_14036,0.25678529994341176
ITEM_14037,0.8534851965967069
ITEM_14038,0.8729996505786188
ITEM_14039,0.18796653498245663
ITEM_14040,0.41462209838847786
ITEM_14041,0.5059745918523136
ITEM_14042,0.04804847924664304
ITEM_14043,0.653934735051371
ITEM_14044,0.9413915608855135
ITEM_14045,0.595433922805527
ITEM_14046,0.3746981344356421
ITEM_14047,0.6223784913452503
ITEM_14048,0.41536033792251886
ITEM_14049,0.11544553607164022
ITEM_14050,0.378831393560985
ITEM_14051,0.8223179138732518
ITEM_14052,0.7156572405839173
ITEM_14053,0.50307304118902
ITEM_14054,0.12450749076690658
ITEM_14055,0.7673976711296729
ITEM_14056,0.4203231363642114
ITEM_14057,0.8530928522224118
ITEM_14058,0.6041862462900464
ITEM_14059,0.8396977975099886
ITEM_14060,0.09750405273466073
ITEM_14061,0.14824917580430924
ITEM_14062,0.4418608617944157
ITEM_14063,0.12951046694248908
ITEM_14064,0.261152543812852
ITEM_14065,0.8093746514441075
ITEM_14066,0.8529630511876826
ITEM_14067,0.58030527980851
ITEM_14068,0.5017899409281681
ITEM_14069,0.8609691542746516
ITEM_14070,0.40574228623546893
ITEM_14071,0.8718969711485404
ITEM_14072,0.4566920111227174
ITEM_14073,0.4000004866061951
ITEM_14074,0.20637351768003648
ITEM_14075,0.7750502731740232
ITEM_14076,0.25051071144466025
ITEM_14077,0.12066642135409118
ITEM_14078,0.2221849606466494
ITEM_14079,0.3381939379833445
ITEM_14080,0.6580023374800592
ITEM_14081,0.7084333790547954
ITEM_14082,0.3108038486776089
ITEM_14083,0.9202170804050914
ITEM_14084,0.9133742119643127
ITEM_14085,0.813413180649154
ITEM_14086,0.8544917119203462
ITEM_14087,0.22285677575297105
ITEM_14088,0.8738493015318315
ITEM_14089,0.6239658088600201
ITEM_14090,0.502194958308092
ITEM_14091,0.8979061213607431
ITEM_14092,0.370327874841615
ITEM_14093,0.8595840420549596
ITEM_14094,0.2533441101087177
ITEM_14095,0.2471632207927672
ITEM_14096,0.4361848487658844
ITEM_14097,0.7829483034601357
ITEM_14098,0.6113028776152895
ITEM_14099,0.6295141805283759
ITEM_14100,0.8970084993077546
ITEM_14101,0.8378472264050708
ITEM_14102,0.7782777592177502
ITEM_14103,0.5910944011957702
ITEM_14104,0.07749754130745841
ITEM_14105,0.48237519103386683
ITEM_14106,0.6255663551318488
ITEM_14107,0.19845872194205255
ITEM_14108,0.5948237679184488
ITEM_14109,0.46341815522065916
ITEM_14110,0.49310102751830265
ITEM_14111,0.34243279576554897
ITEM_14112,0.029806732625625422
ITEM_14113,0.527672678930034
ITEM_14114,0.18226868622056963
ITEM_14115,0.7328582076259839
ITEM_14116,0.4023098405959855
ITEM_14117,0.13585942829892536
ITEM_14118,0.8216728808995005
ITEM_14119,0.4295842086657063
ITEM_14120,0.9295790983525024
ITEM_14121,0.11664557760990264
ITEM_14122,0.8517406040254646
ITEM_14123,0.7237935156581534
ITEM_14124,0.5657657870450457
ITEM_14125,0.305774525939773
ITEM_14126,0.677970781802416
ITEM_14127,0.437002960044199
ITEM_14128,0.5488247971451781
ITEM_14129,0.8002556017556596
ITEM_14130,0.6167892355705753
ITEM_14131,0.6747873092341448
ITEM_14132,0.031378508445539965
ITEM_14133,0.47315267378267273
ITEM_14134,0.06048231558299854
ITEM_14135,0.3936680708466045
ITEM_14136,0.6458644452035508
ITEM_14137,0.6332156946642757
ITEM_14138,0.5211102016507334
ITEM_14139,0.6203845056994837
ITEM_14140,0.9146729998753848
ITEM_14141,0.35357732152512755
ITEM_14142,0.786543032916701
ITEM_14143,0.729932627643879
ITEM_14144,0.18986835728588916
ITEM_14145,0.23112845774455623
ITEM_14146,0.9118391838369346
ITEM_14147,0.3786315538474366
ITEM_14148,0.2840194346916752
ITEM_14149,0.23924475034465345
ITEM_14150,0.5207212493716411
ITEM_14151,0.22022927730995553
ITEM_14152,0.5151548337716334
ITEM_14153,0.3687022156947107
ITEM_14154,0.31264414747357927
ITEM_14155,0.7433577653490969
ITEM_14156,0.9733809605917869
ITEM_14157,0.4217141203452028
ITEM_14158,0.8795159402933554
ITEM_14159,0.513264031912294
ITEM_14160,0.9276166846979388
ITEM_14161,0.19417792080030521
ITEM_14162,0.9480097943567296
ITEM_14163,0.2071942871542601
ITEM_14164,0.3513956625799212
ITEM_14165,0.40552958692013463
ITEM_14166,0.5924623944683255
ITEM_14167,0.5224507708439042
ITEM_14168,0.6712971194283222
ITEM_14169,0.9516494292288655
ITEM_14170,0.5967346855748257
ITEM_14171,0.6655235641773635
ITEM_14172,0.5114360680262572
ITEM_14173,0.3258376313696328
ITEM_14174,0.1419537244280287
ITEM_14175,0.8957762939628001
ITEM_14176,0.6168802765364414
ITEM_14177,0.9348440711515316
ITEM_14178,0.5648475402006634
ITEM_14179,0.8597547422050423
ITEM_14180,0.9615634392866483
ITEM_14181,0.9088283582538841
ITEM_14182,0.6358220675207548
ITEM_14183,0.5479428253516339
ITEM_14184,0.11716529192632938
ITEM_14185,0.3590448055476991
ITEM_14186,0.451354441181037
ITEM_14187,0.06139554092914343
ITEM_14188,0.7800000661813875
ITEM_14189,0.48360203940233615
ITEM_14190,0.9313473352814992
ITEM_14191,0.4433297307339628
ITEM_14192,0.36097955107923907
ITEM_14193,0.4375245791911947
ITEM_14194,0.9687757952309952
ITEM_14195,0.2755408914855864
ITEM_14196,0.19873994746475304
ITEM_14197,0.873241817049651
ITEM_14198,0.9815003949141513
ITEM_14199,0.6630632349184015
ITEM_14200,0.6779344302526069
ITEM_14201,0.35233302632633884
ITEM_14202,0.7821226380953898
ITEM_14203,0.1722051149357512
ITEM_14204,0.3953030229069786
ITEM_14205,0.1949152890866086
ITEM_14206,0.7359290831774723
ITEM_14207,0.5351328326441469
ITEM_14208,0.7010307457342306
ITEM_14209,0.5000891005329572
ITEM_14210,0.5400967288652545
ITEM_14211,0.3837922100556574
ITEM_14212,0.10047425182385301
ITEM_14213,0.485524356187459
ITEM_14214,0.8125857586493787
ITEM_14215,0.5698941817125154
ITEM_14216,0.33096068768536674
ITEM_14217,0.7286367695713093
ITEM_14218,0.7197353739943761
ITEM_14219,0.24398510151655553
ITEM_14220,0.9867637640747537
ITEM_14221,0.7500956888694068
ITEM_14222,0.19457606302147587
ITEM_14223,0.30352622969939425
ITEM_14224,0.46824955673242324
ITEM_14225,0.7199430536897093
ITEM_14226,0.07086132108091978
ITEM_14227,0.08933393899917405
ITEM_14228,0.6053001555464798
ITEM_14229,0.5519683053608232
ITEM_14230,0.8213834601439499
ITEM_14231,0.2486929946481221
ITEM_14232,0.5961897753207331
ITEM_14233,0.334494465258628
ITEM_14234,0.6203182330826988
ITEM_14235,0.8612558373344557
ITEM_14236,0.4418121618376072
ITEM_14237,0.6644445413871067
ITEM_14238,0.6220500683510023
ITEM_14239,0.8921478778411385
ITEM_14240,0.6340203318238229
ITEM_14241,0.7106820271676926
ITEM_14242,0.8725604388351903
ITEM_14243,0.35844396623423513
ITEM_14244,0.49439426153711336
ITEM_14245,0.7480245828539878
ITEM_14246,0.5298893480905525
ITEM_14247,0.32945404183345717
ITEM_14248,0.22258788993322573
ITEM_14249,0.34375611571618064
ITEM_14250,0.3302522017571828
ITEM_14251,0.08863955199027769
ITEM_14252,0.9452182382083932
ITEM_14253,0.14041771463619512
ITEM_14254,0.952225390676718
ITEM_14255,0.7856504757112831
ITEM_14256,0.6773012886987481
ITEM_14257,0.4816463717049162
ITEM_14258,0.45487983297956475
ITEM_14259,0.20472956539738063
ITEM_14260,0.7011251408377485
ITEM_14261,0.12615001702579978
ITEM_14262,0.8981647654021172
ITEM_14263,0.7675482586532497
ITEM_14264,0.9155207062539932
ITEM_14265,0.5791134153860886
ITEM_14266,0.8676371018957971
ITEM_14267,0.8786351190173506
ITEM_14268,0.8472344525496
ITEM_14269,0.3679236882795458
ITEM_14270,0.09081481482775879
ITEM_14271,0.645443922955377
ITEM_14272,0.13745090414126016
ITEM_14273,0.3245769880098904
ITEM_14274,0.2541577765525477
ITEM_14275,0.7527088866840801
ITEM_14276,0.3093747248752077
ITEM_14277,0.7495621037410166
ITEM_14278,0.334166396596334
ITEM_14279,0.37754064811130367
ITEM_14280,0.19480659768237465
ITEM_14281,0.5271374240392742
ITEM_14282,0.26258358845166185
ITEM_14283,0.4080436835945091
ITEM_14284,0.12133920093652688
ITEM_14285,0.18872895768851833
ITEM_14286,0.46148600747358665
ITEM_14287,0.20120927583992995
ITEM_14288,0.32269117704387357
ITEM_14289,0.9487351909440204
ITEM_14290,0.6169179612650144
ITEM_14291,0.6134047141498149
ITEM_14292,0.5658078998217365
ITEM_14293,0.4930678863478024
ITEM_14294,0.8022049412087479
ITEM_14295,0.38884054464435536
ITEM_14296,0.6220296898311873
ITEM_14297,0.6181170463083091
ITEM_14298,0.5315207524573988
ITEM_14299,0.22862670623233083
ITEM_14300,0.3278848054530236
ITEM_14301,0.25527316965407665
ITEM_14302,0.3611019320141387
ITEM_14303,0.2628065696466005
ITEM_14304,0.5582801961057803
ITEM_14305,0.4388342886551059
ITEM_14306,0.6700267445403563
ITEM_14307,0.10962934226733942
ITEM_14308,0.5363281032975142
ITEM_14309,0.6991671294395856
ITEM_14310,0.5910368847986353
ITEM_14311,0.29768662411337615
ITEM_14312,0.46337222316776794
ITEM_14313,0.4345796666101744
ITEM_14314,0.3986035123861754
ITEM_14315,0.25653323552367435
ITEM_14316,0.7324695576838532
ITEM_14317,0.13106143242401713
ITEM_14318,0.6628693669919618
ITEM_14319,0.2801506852464854
ITEM_14320,0.24136105206330322
ITEM_14321,0.45434712567751945
ITEM_14322,0.13269707245512302
ITEM_14323,0.3794627839536759
ITEM_14324,0.694588977188589
ITEM_14325,0.5295684234119385
ITEM_14326,0.0912145554941056
ITEM_14327,0.9426706489868144
ITEM_14328,0.5424130945478371
ITEM_14329,0.7735547717149427
ITEM_14330,0.05631993652495432
ITEM_14331,0.27927297377238186
ITEM_14332,0.1437134631258278
ITEM_14333,0.6242267530818367
ITEM_14334,0.7126903618554404
ITEM_14335,0.8981016640683844
ITEM_14336,0.9307772332528884
ITEM_14337,0.6299093046328935
ITEM_14338,0.19707222816514722
ITEM_14339,0.6626071150701782
ITEM_14340,0.8487980783941272
ITEM_14341,0.26060314575972965
ITEM_14342,0.4615348899723256
ITEM_14343,0.7443718099450269
ITEM_14344,0.39333007478980003
ITEM_14345,0.1869743209063724
ITEM_14346,0.9587410442002477
ITEM_14347,0.47998726855106955
ITEM_14348,0.17345046620049634
ITEM_14349,0.5227503834971936
ITEM_14350,0.5428678641722596
ITEM_14351,0.776582255709571
ITEM_14352,0.14500464521812595
ITEM_14353,0.7903733615826399
ITEM_14354,0.5691767255411285
ITEM_14355,0.30619117441171473
ITEM_14356,0.268042970920218
ITEM_14357,0.7860502265302542
ITEM_14358,0.580010376944872
ITEM_14359,0.5260957747618306
ITEM_14360,0.5062983676987708
ITEM_14361,0.21279121807905296
ITEM_14362,0.14207506431428085
ITEM_14363,0.32421473714054705
ITEM_14364,0.5934974904828437
ITEM_14365,0.8390924198436126
ITEM_14366,0.7387173993799505
ITEM_14367,0.6720067385297197
ITEM_14368,0.3246569258275779
ITEM_14369,0.19527536582400395
ITEM_14370,0.6264828089545331
ITEM_14371,0.5930282406104554
ITEM_14372,0.6136349318605405
ITEM_14373,0.3276085346589838
ITEM_14374,0.9560511809547839
ITEM_14375,0.4292395252534381
ITEM_14376,0.3791751859473234
ITEM_14377,0.7425675322304299
ITEM_14378,0.5677245222850944
ITEM_14379,0.7839502527554957
ITEM_14380,0.1147522717974147
ITEM_14381,0.8375058710431283
ITEM_14382,0.16443410129102423
ITEM_14383,0.21177069093342443
ITEM_14384,0.1841986376828291
ITEM_14385,0.4358685352882067
ITEM_14386,0.06945400120114632
ITEM_14387,0.5705334292739492
ITEM_14388,0.3331517060016888
ITEM_14389,0.42920127106209816
ITEM_14390,0.2894171691452619
ITEM_14391,0.8781977009451102
ITEM_14392,0.21620435906929927
ITEM_14393,0.2945384833006159
ITEM_14394,0.8328011836174071
ITEM_14395,0.38313840669591803
ITEM_14396,0.21985154088202466
ITEM_14397,0.3552127411027686
ITEM_14398,0.8895656433590248
ITEM_14399,0.3223774313314106
ITEM_14400,0.7449033325129233
ITEM_14401,0.6762317462660155
ITEM_14402,0.4978567534178885
ITEM_14403,0.10693856540392332
ITEM_14404,0.1490044835166122
ITEM_14405,0.6109475062143529
ITEM_14406,0.8233860381256454
ITEM_14407,0.10026203949007215
ITEM_14408,0.5735126400305142
ITEM_14409,0.4832155018107664
ITEM_14410,0.8119108686747621
ITEM_14411,0.7904403224771696
ITEM_14412,0.8640217775698364
ITEM_14413,0.49943890192749785
ITEM_14414,0.6563879992814261
ITEM_14415,0.39882128424171237
ITEM_14416,0.038413063818443866
ITEM_14417,0.6526610891526913
ITEM_14418,0.41585439811675073
ITEM_14419,0.7388913989881698
ITEM_14420,0.08654079488925641
ITEM_14421,0.24861296892215787
ITEM_14422,0.27593976539781184
ITEM_14423,0.9595366391668613
ITEM_14424,0.6847924713940041
ITEM_14425,0.26616555017705723
ITEM_14426,0.5715224136249116
ITEM_14427,0.3555874890836908
ITEM_14428,0.10676451524511749
ITEM_14429,0.3393158218892653
ITEM_14430,0.7319184895389365
ITEM_14431,0.03356166577321689
ITEM_14432,0.8727940298787962
ITEM_14433,0.14589703157899478
ITEM_14434,0.28487713314834334
ITEM_14435,0.8249879499258624
ITEM_14436,0.39598272849748156
ITEM_14437,0.5827994633997696
ITEM_14438,0.09601998392438109
ITEM_14439,0.61142125282902
ITEM_14440,0.9253026568967586
ITEM_14441,0.2721469315949897
ITEM_14442,0.37728082834378596
ITEM_14443,0.9602338875656939
ITEM_14444,0.14957178261934045
ITEM_14445,0.8630951559192298
ITEM_14446,0.5001299044521839
ITEM_14447,0.6890131762132713
ITEM_14448,0.5965827227505718
ITEM_14449,0.14570874606217205
ITEM_14450,0.9891686762968628
ITEM_14451,0.42291578896435555
ITEM_14452,0.32188042593299204
ITEM_14453,0.36013763159026535
ITEM_14454,0.12270114900189577
ITEM_14455,0.43468609001293745
ITEM_14456,0.7067285611193095
ITEM_14457,0.9446666254963261
ITEM_14458,0.12983365255479082
ITEM_14459,0.19854595734075733
ITEM_14460,0.1125008478098804
ITEM_14461,0.5636567362570359
ITEM_14462,0.33288060016567383
ITEM_14463,0.9002964986895898
ITEM_14464,0.6788370761498529
ITEM_14465,0.306374600835839
ITEM_14466,0.06059320600132136
ITEM_14467,0.6271697573278622
ITEM_14468,0.978111695527354
ITEM_14469,0.3658016699060612
ITEM_14470,0.18772928436312952
ITEM_14471,0.7141574122217372
ITEM_14472,0.37563729803661794
ITEM_14473,0.4693726568289282
ITEM_14474,0.8475215326549737
ITEM_14475,0.5967979892211304
ITEM_14476,0.8557254658355766
ITEM_14477,0.6182792413963515
ITEM_14478,0.09005524469694604
ITEM_14479,0.9568742061248506
ITEM_14480,0.811716201433702
ITEM_14481,0.2338179911979999
ITEM_14482,0.43216678005798853
ITEM_14483,0.45923521412155405
ITEM_14484,0.5660097454649755
ITEM_14485,0.14875824451737615
ITEM_14486,0.9669042659015553
ITEM_14487,0.4352188799336737
ITEM_14488,0.4335793427182657
ITEM_14489,0.7060558785324818
ITEM_14490,0.16707539784140285
ITEM_14491,0.6463753405484198
ITEM_14492,0.21877303568786996
ITEM_14493,0.8919339810560475
ITEM_14494,0.36333720563146926
ITEM_14495,0.49650934724142687
ITEM_14496,0.9383983220688058
ITEM_14497,0.8961627063350395
ITEM_14498,0.32684511441018005
ITEM_14499,0.47575704684442915
ITEM_14500,0.5121640706087646
ITEM_14501,0.9596582915151703
ITEM_14502,0.8882627473985683
ITEM_14503,0.42439782429076783
ITEM_14504,0.35479745078813824
ITEM_14505,0.7166238402493524
ITEM_14506,0.8382782237169395
ITEM_14507,0.2783722415468864
ITEM_14508,0.9329675705313002
ITEM_14509,0.8585028609741037
ITEM_14510,0.13973657728032113
ITEM_14511,0.06998694740581357
ITEM_14512,0.8403888960467998
ITEM_14513,0.9750319582869348
ITEM_14514,0.773824016986503
ITEM_14515,0.4430426346585224
ITEM_14516,0.2202812402110552
ITEM_14517,0.6410497536991595
ITEM_14518,0.7996183163201933
ITEM_14519,0.8963105894071264
ITEM_14520,0.11300450613746593
ITEM_14521,0.8678557800625533
ITEM_14522,0.44440177906088235
ITEM_14523,0.7167833343097842
ITEM_14524,0.6839945613591318
ITEM_14525,0.6863089679223912
ITEM_14526,0.33337039764424087
ITEM_14527,0.5839127645361519
ITEM_14528,0.6473719306038515
ITEM_14529,0.6249339458029605
ITEM_14530,0.728843038905283
ITEM_14531,0.32636209322440524
ITEM_14532,0.47228980914755314
ITEM_14533,0.16546688769264228
ITEM_14534,0.5624392503986779
ITEM_14535,0.2491788723887342
ITEM_14536,0.8356250076391918
ITEM_14537,0.654384646608496
ITEM_14538,0.3638088196717188
ITEM_14539,0.5562385862877735
ITEM_14540,0.24486329001402873
ITEM_14541,0.5388431385425173
ITEM_14542,0.8541392531820902
ITEM_14543,0.3877979729346134
ITEM_14544,0.5855340147650373
ITEM_14545,0.8508723882704137
ITEM_14546,0.08134656446668585
ITEM_14547,0.09653225932212531
ITEM_14548,0.44991588864373583
ITEM_14549,0.878089116594278
ITEM_14550,0.11370688645482178
ITEM_14551,0.35632365731214305
ITEM_14552,0.7325509101045478
ITEM_14553,0.6364389985847541
ITEM_14554,0.9301170024210681
ITEM_14555,0.09665034271871653
ITEM_14556,0.8735451178803129
ITEM_14557,0.5397328365085984
ITEM_14558,0.19341283399937684
ITEM_14559,0.9731426859521557
ITEM_14560,0.8579335279775872
ITEM_14561,0.9509804205353615
ITEM_14562,0.8621523081667801
ITEM_14563,0.7795691423812351
ITEM_14564,0.4760473363755902
ITEM_14565,0.5250876684869843
ITEM_14566,0.4684547384074496
ITEM_14567,0.7186507805856703
ITEM_14568,0.8975899845855718
ITEM_14569,0.11353620325331511
ITEM_14570,0.3904879878274002
ITEM_14571,0.7569618660256818
ITEM_14572,0.5622680207471239
ITEM_14573,0.5546671124215239
ITEM_14574,0.7143663922872644
ITEM_14575,0.5263026747865022
ITEM_14576,0.047618419324348085
ITEM_14577,0.2881003588873247
ITEM_14578,0.2243129887304334
ITEM_14579,0.680586082206619
ITEM_14580,0.32996614015279474
ITEM_14581,0.09539457225620243
ITEM_14582,0.2882840378235558
ITEM_14583,0.6203411829236041
ITEM_14584,0.3104067132513546
ITEM_14585,0.9045889926032921
ITEM_14586,0.10334830126511589
ITEM_14587,0.21136436735608624
ITEM_14588,0.6131272467091181
ITEM_14589,0.9602135826201434
ITEM_14590,0.4361829631811033
ITEM_14591,0.10533299919842916
ITEM_14592,0.313230802726811
ITEM_14593,0.5174930601528565
ITEM_14594,0.3542480626054665
ITEM_14595,0.433505847376022
ITEM_14596,0.7977379048196619
ITEM_14597,0.18842858350659353
ITEM_14598,0.6764240700376754
ITEM_14599,0.6949316858990169
ITEM_14600,0.5978857992643066
ITEM_14601,0.8564257950514462
ITEM_14602,0.40766146471923254
ITEM_14603,0.8440366185778259
ITEM_14604,0.37289173205896403
ITEM_14605,0.8155413779935708
ITEM_14606,0.9475960865689951
ITEM_14607,0.2235697660054445
ITEM_14608,0.29878301330473495
ITEM_14609,0.15086474423353358
ITEM_14610,0.104575872080426
ITEM_14611,0.46579624944442516
ITEM_14612,0.41556078399925644
ITEM_14613,0.15362594759973786
ITEM_14614,0.5500917707016207
ITEM_14615,0.2661817544292603
ITEM_14616,0.17481134231328213
ITEM_14617,0.6863505329189502
ITEM_14618,0.148178660104167
ITEM_14619,0.926827516090419
ITEM_14620,0.6732194573239412
ITEM_14621,0.1066643341068661
ITEM_14622,0.1984282964181499
ITEM_14623,0.8691682915414707
ITEM_14624,0.22079789129451888
ITEM_14625,0.5289671121635356
ITEM_14626,0.7379653896945648
ITEM_14627,0.20543346254742922
ITEM_14628,0.5495065777388446
ITEM_14629,0.32826965242275974
ITEM_14630,0.8351609336893419
ITEM_14631,0.440209898945854
ITEM_14632,0.6432620243351009
ITEM_14633,0.539646365344915
ITEM_14634,0.5284246034905499
ITEM_14635,0.2126994455344914
ITEM_14636,0.8042849169198024
ITEM_14637,0.061675761435659886
ITEM_14638,0.503892288782822
ITEM_14639,0.11565156259114398
ITEM_14640,0.17126847432933007
ITEM_14641,0.43620987461846333
ITEM_14642,0.6664617816232365
ITEM_14643,0.5220169614445482
ITEM_14644,0.4650345320015151
ITEM_14645,0.8153688233666267
ITEM_14646,0.9574221349501764
ITEM_14647,0.013694695694469433
ITEM_14648,0.8326108953341912
ITEM_14649,0.7211062726286686
ITEM_14650,0.2600932431300873
ITEM_14651,0.040281873123890255
ITEM_14652,0.18395939419040122
ITEM_14653,0.513427307062131
ITEM_14654,0.40528364310517395
ITEM_14655,0.5364402717972508
ITEM_14656,0.6982790951019694
ITEM_14657,0.6097945481730686
ITEM_14658,0.8587969085879877
ITEM_14659,0.4413130185830854
ITEM_14660,0.43218268541572596
ITEM_14661,0.3547517744060328
ITEM_14662,0.5067111511917223
ITEM_14663,0.7212628354598032
ITEM_14664,0.31899903835330407
ITEM_14665,0.3743692603752169
ITEM_14666,0.3194895283898313
ITEM_14667,0.034897591422124404
ITEM_14668,0.20716390348146055
ITEM_14669,0.043677619862250404
ITEM_14670,0.9111063565559477
ITEM_14671,0.6594032126270833
ITEM_14672,0.13558087717790507
ITEM_14673,0.3372536475881422
ITEM_14674,0.030193313891032466
ITEM_14675,0.3495887547904037
ITEM_14676,0.7534388986101058
ITEM_14677,0.3072888420925758
ITEM_14678,0.37679544165387174
ITEM_14679,0.11553945048020628
ITEM_14680,0.7274758671934739
ITEM_14681,0.4198635552345445
ITEM_14682,0.9050566291374387
ITEM_14683,0.3031452439901756
ITEM_14684,0.6543168972227213
ITEM_14685,0.2084639557450791
ITEM_14686,0.07816403936700057
ITEM_14687,0.6160691148127825
ITEM_14688,0.19482996438736092
ITEM_14689,0.7735988258301727
ITEM_14690,0.7458744067476412
ITEM_14691,0.33857105361470846
ITEM_14692,0.06705934580244471
ITEM_14693,0.2508934993679679
ITEM_14694,0.9244127174937014
ITEM_14695,0.7888826134993502
ITEM_14696,0.5249826818195218
ITEM_14697,0.35011871649860304
ITEM_14698,0.3819976651486387
ITEM_14699,0.09416279915121932
ITEM_14700,0.2614185423571354
ITEM_14701,0.7098322313448158
ITEM_14702,0.865567254861465
ITEM_14703,0.5858051778561777
ITEM_14704,0.329785022388815
ITEM_14705,0.09681888276928238
ITEM_14706,0.5085804241488106
ITEM_14707,0.4777980885193355
ITEM_14708,0.5369371651364528
ITEM_14709,0.6477055652003895
ITEM_14710,0.327701764065174
ITEM_14711,0.5889961512322397
ITEM_14712,0.5548273779346846
ITEM_14713,0.3641014231235562
ITEM_14714,0.14327193065000168
ITEM_14715,0.7055444585230563
ITEM_14716,0.8887324687391674
ITEM_14717,0.6589869853305313
ITEM_14718,0.02398558005241489
ITEM_14719,0.2602816079023922
ITEM_14720,0.18614627718232016
ITEM_14721,0.5815972464914622
ITEM_14722,0.6434718786969701
ITEM_14723,0.7784856663538224
ITEM_14724,0.6018964118069304
ITEM_14725,0.24604019274161903
ITEM_14726,0.4239395921281779
ITEM_14727,0.9329348854325684
ITEM_14728,0.23099934658843022
ITEM_14729,0.2529821107657208
ITEM_14730,0.6160415517787389
ITEM_14731,0.663563198279392
ITEM_14732,0.26243074721378473
ITEM_14733,0.82087495018377
ITEM_14734,0.33797332415157094
ITEM_14735,0.36576118787417533
ITEM_14736,0.022641142102857684
ITEM_14737,0.41050218305132596
ITEM_14738,0.48780861067269143
ITEM_14739,0.5949225081403674
ITEM_14740,0.4729711574846136
ITEM_14741,0.6517529895308783
ITEM_14742,0.19671320752491953
ITEM_14743,0.8776211359179334
ITEM_14744,0.44491937761690936
ITEM_14745,0.9257645058332136
ITEM_14746,0.6904138800806628
ITEM_14747,0.8385019744932262
ITEM_14748,0.581722673533103
ITEM_14749,0.32787255239331375
ITEM_14750,0.5014225143272342
ITEM_14751,0.9530148931642528
ITEM_14752,0.08253368702475575
ITEM_14753,0.8791140107486806
ITEM_14754,0.7552100009687044
ITEM_14755,0.7411106745658751
ITEM_14756,0.472700481704604
ITEM_14757,0.9490482951521735
ITEM_14758,0.6729701487728152
ITEM_14759,0.0776245418146714
ITEM_14760,0.38993622211505996
ITEM_14761,0.14812626063902373
ITEM_14762,0.3755239722986686
ITEM_14763,0.5364310754829755
ITEM_14764,0.04154097431052082
ITEM_14765,0.846841963637258
ITEM_14766,0.513125554404213
ITEM_14767,0.19462747307371187
ITEM_14768,0.6257269964436406
ITEM_14769,0.4397360158886536
ITEM_14770,0.26230609616560036
ITEM_14771,0.534508443259624
ITEM_14772,0.7062714285568779
ITEM_14773,0.34376585358661677
ITEM_14774,0.7608769920899706
ITEM_14775,0.5132605607976906
ITEM_14776,0.7371426350751032
ITEM_14777,0.33214086052187575
ITEM_14778,0.3708135999743859
ITEM_14779,0.7209103260542193
ITEM_14780,0.7005587769049865
ITEM_14781,0.7717381521332014
ITEM_14782,0.8954071258700205
ITEM_14783,0.8839975589026042
ITEM_14784,0.675751601876026
ITEM_14785,0.39942422714867176
ITEM_14786,0.8834795070892532
ITEM_14787,0.8131408957961676
ITEM_14788,0.7964379723620192
ITEM_14789,0.39336821420891305
ITEM_14790,0.26661090206197585
ITEM_14791,0.7928337060768471
ITEM_14792,0.8580244255566573
ITEM_14793,0.7908989415919683
ITEM_14794,0.0705262660162901
ITEM_14795,0.9416234453606066
ITEM_14796,0.24445452963336572
ITEM_14797,0.8276154590769543
ITEM_14798,0.5324630967461653
ITEM_14799,0.7873158248744234
ITEM_14800,0.3898877456807441
ITEM_14801,0.703782741459119
ITEM_14802,0.5092270073838591
ITEM_14803,0.4651895688830563
ITEM_14804,0.44600377367256216
ITEM_14805,0.841755152325913
ITEM_14806,0.04317696347177467
ITEM_14807,0.05257483272456117
ITEM_14808,0.14645342101840603
ITEM_14809,0.0717142156609534
ITEM_14810,0.5771481381803082
ITEM_14811,0.4255012061928833
ITEM_14812,0.6640948260641584
ITEM_14813,0.46505846075847207
ITEM_14814,0.05351631778165567
ITEM_14815,0.1504407557312447
ITEM_14816,0.8058552550752481
ITEM_14817,0.2559488367683759
ITEM_14818,0.6535306642330255
ITEM_14819,0.7979262910636089
ITEM_14820,0.49949650325345213
ITEM_14821,0.24506570952619194
ITEM_14822,0.7541747383060693
ITEM_14823,0.30724700380231795
ITEM_14824,0.9564450431642657
ITEM_14825,0.7194931088530818
ITEM_14826,0.9833590399506272
ITEM_14827,0.42195289047884516
ITEM_14828,0.10855132465729264
ITEM_14829,0.4023760121454859
ITEM_14830,0.3518794881422943
ITEM_14831,0.8145335973586907
ITEM_14832,0.5114010701968436
ITEM_14833,0.7742286180596137
ITEM_14834,0.36729261107018507
ITEM_14835,0.7290613002948166
ITEM_14836,0.349752202423849
ITEM_14837,0.6498986975189334
ITEM_14838,0.14074659186557587
ITEM_14839,0.556383500656815
ITEM_14840,0.24386146358794655
ITEM_14841,0.06538600864443186
ITEM_14842,0.726461473573385
ITEM_14843,0.4612591848134278
ITEM_14844,0.6011613786264686
ITEM_14845,0.8510670915506151
ITEM_14846,0.28950616173313204
ITEM_14847,0.5990739387331334
ITEM_14848,0.15789702730425798
ITEM_14849,0.9512861351548357
ITEM_14850,0.5275030376336649
ITEM_14851,0.4599735221978491
ITEM_14852,0.6477683092883565
ITEM_14853,0.2643811468922928
ITEM_14854,0.37605391916086556
ITEM_14855,0.8075381129806469
ITEM_14856,0.5881131159891236
ITEM_14857,0.35624853696689046
ITEM_14858,0.7778446232991443
ITEM_14859,0.806227218150779
ITEM_14860,0.8531064434376914
ITEM_14861,0.2829101477729757
ITEM_14862,0.6802934000553568
ITEM_14863,0.49112609972534005
ITEM_14864,0.6081170652929802
ITEM_14865,0.27152331688658893
ITEM_14866,0.9084780494687437
ITEM_14867,0.9073033783023341
ITEM_14868,0.28332313138689974
ITEM_14869,0.85134060153905
ITEM_14870,0.15589226120213012
ITEM_14871,0.09541800244614097
ITEM_14872,0.7711581780079017
ITEM_14873,0.5139468304134863
ITEM_14874,0.27603911341013726
ITEM_14875,0.06281034186035714
ITEM_14876,0.29339034212457
ITEM_14877,0.821331659149204
ITEM_14878,0.19403667791765336
ITEM_14879,0.5439589185224899
ITEM_14880,0.14695092378893562
ITEM_14881,0.6969374412004522
ITEM_14882,0.6017260956932275
ITEM_14883,0.17764685083091733
ITEM_14884,0.4015223046828249
ITEM_14885,0.3216544480649949
ITEM_14886,0.27937289919156943
ITEM_14887,0.12989968209768632
ITEM_14888,0.6194258257558812
ITEM_14889,0.30103206995363263
ITEM_14890,0.2918446043563361
ITEM_14891,0.847881678350433
ITEM_14892,0.25246982995163386
ITEM_14893,0.40932621814303183
ITEM_14894,0.8456943038196982
ITEM_14895,0.7603460221837195
ITEM_14896,0.8017964376698916
ITEM_14897,0.4911314659021194
ITEM_14898,0.8056273547822324
ITEM_14899,0.06166238457975954
ITEM_14900,0.553114199927986
ITEM_14901,0.05819568137672001
ITEM_14902,0.21205328332784731
ITEM_14903,0.32437899087921984
ITEM_14904,0.43433218987344063
ITEM_14905,0.581789928306521
ITEM_14906,0.8955421540688409
ITEM_14907,0.11447620076811597
ITEM_14908,0.8205172164730803
ITEM_14909,0.6951601395808084
ITEM_14910,0.6385950761855982
ITEM_14911,0.2291583219207156
ITEM_14912,0.1572016939137308
ITEM_14913,0.6195242397166824
ITEM_14914,0.4561422593558566
ITEM_14915,0.12060441478067539
ITEM_14916,0.9437491536421936
ITEM_14917,0.5283612032862852
ITEM_14918,0.8205384864400794
ITEM_14919,0.6577571381249644
ITEM_14920,0.8452126490883759
ITEM_14921,0.20093574362772396
ITEM_14922,0.37718021779610944
ITEM_14923,0.5251544098596544
ITEM_14924,0.815765449583619
ITEM_14925,0.34006889248361627
ITEM_14926,0.3113755530391938
ITEM_14927,0.3424897593721247
ITEM_14928,0.7282321590632977
ITEM_14929,0.1040928384472871
ITEM_14930,0.13901360850767222
ITEM_14931,0.6628445359760267
ITEM_14932,0.4654951614451516
ITEM_14933,0.055373149325572524
ITEM_14934,0.5697055259886742
ITEM_14935,0.36863501509671404
ITEM_14936,0.2715530963377161
ITEM_14937,0.6138786461993582
ITEM_14938,0.8626113363445823
ITEM_14939,0.15859361243537118
ITEM_14940,0.7482540129771803
ITEM_14941,0.7225262335347817
ITEM_14942,0.7286987828555506
ITEM_14943,0.8436532752264292
ITEM_14944,0.9440320791088405
ITEM_14945,0.5367920363830689
ITEM_14946,0.8095293513759723
ITEM_14947,0.5121270098024134
ITEM_14948,0.5503695304289916
ITEM_14949,0.8927832049451786
ITEM_14950,0.6887621651612802
ITEM_14951,0.8503401902281307
ITEM_14952,0.7357877820877371
ITEM_14953,0.4657470725133775
ITEM_14954,0.6039018899738547
ITEM_14955,0.0482323709266351
ITEM_14956,0.718441584192508
ITEM_14957,0.11628716669466999
ITEM_14958,0.9072851878984919
ITEM_14959,0.5743294485773952
ITEM_14960,0.48990551966819584
ITEM_14961,0.11775686914912552
ITEM_14962,0.27122127492856357
ITEM_14963,0.3616256409591589
ITEM_14964,0.07901071142744387
ITEM_14965,0.13961050715212583
ITEM_14966,0.2711293451666783
ITEM_14967,0.2254045493040682
ITEM_14968,0.6320845387764944
ITEM_14969,0.4849719556107628
ITEM_14970,0.7064546862606191
ITEM_14971,0.2322325141347205
ITEM_14972,0.6999493118115334
ITEM_14973,0.22872718967776867
ITEM_14974,0.8692640596234616
ITEM_14975,0.411282620279105
ITEM_14976,0.6109093370813157
ITEM_14977,0.5368172256383813
ITEM_14978,0.8016227344750085
ITEM_14979,0.11716457294270839
ITEM_14980,0.20693507056683233
ITEM_14981,0.5509963690939494
ITEM_14982,0.8139090473192949
ITEM_14983,0.3143385909726243
ITEM_14984,0.7184346635782412
ITEM_14985,0.2583451602117197
ITEM_14986,0.6544563803274075
ITEM_14987,0.5630834291520653
ITEM_14988,0.7102092489032524
ITEM_14989,0.32563580104026807
ITEM_14990,0.8727657210804581
ITEM_14991,0.27153461570844606
ITEM_14992,0.068709826345531
ITEM_14993,0.6437081519043841
ITEM_14994,0.9447029590535893
ITEM_14995,0.10306216159939056
ITEM_14996,0.8128959400636827
ITEM_14997,0.8622071048995102
ITEM_14998,0.16767818444465005
ITEM_14999,0.2519480122909316
