ID,Hőmérséklet,Nyomás,Rezgés,Feszültség,Nyomaték,Szerszám_Kopás,Karbantartás_Óta_Eltelt_Idő,Páratartalom,Fordulat,Hő_Nyomás_Szorzat,Rezgés_Nyomaték_Arány,Kopás_Karb_Szorzat,Feszültség_Fordulat_Arány,Pára_Hő_Szorzat,Szenzor_01,Szenzor_02,Szenzor_03,Szenzor_04,Szenzor_05,Szenzor_06,Szenzor_07,Szenzor_08,Szenzor_09,Szenzor_10,Szenzor_11,Szenzor_12,Szenzor_13,Szenzor_14,Szenzor_15,Szenzor_16,Szenzor_17,Szenzor_18,Gyártósor,Selejt
ITEM_00000,75.90704107928838,3.8319357391459645,51.47283441965877,217.0980066286207,38.31603553129825,228.3611719782522,155.47873392774963,64.59754281895427,1389.2976677807342,2.149846557775856,1.3756628066721686,34.780450791859806,15.015029931458603,47.82680795985926,-1.6716000393987058,-1.6701465206767128,-0.9483497146550904,0.6356164678792899,0.808231887962518,-1.9174642612283084,-0.5125303765452256,0.08609041795931269,-0.5301268893891761,0.861697719365188,-0.7426821582130831,-0.902517441795584,1.159349418321577,-0.3796306994469677,1.7477622163423574,-1.5983390274682066,-2.3522346219535155,0.4976781359086184,Vonal_E,1
ITEM_00001,81.2427462488534,5.357322497548052,25.55327970635762,230.2986726055252,48.38411077741017,21.935033610430608,69.23401913110564,35.21191702953562,1672.9979146372116,4.509005123876098,0.4669518726036539,1.379335646297698,13.114934109575103,24.04325213736636,-0.8780954159358549,-0.4979959270522625,0.5400327292036569,-1.3073817691930365,0.0016104647723107737,-1.7061991754040815,-1.5449843975885855,0.3979662302915087,0.4936075103866365,-0.8376374550824409,-0.7504811794464091,1.6246719398942677,0.7446493750172483,-1.1766697002048943,0.7503730931076306,-0.30282889777833133,0.9394265085090363,-0.5678938883767924,Vonal_A,0
ITEM_00002,74.0042482450302,3.971429386468176,19.762414962610265,205.49973534571987,32.40342816141159,167.1930963270062,124.98548610112539,72.65112161235596,1183.0493478111225,2.3821720098897305,0.4629550231638444,21.522283855419133,16.790372304208297,53.16107210541398,1.096142690694079,1.7594159255819835,-0.5578194294621346,-1.5271705758877445,-0.8737411898142204,2.2471555600189554,-0.5817711611890768,0.4982635357406633,-1.0433923352706642,-0.611415682965834,-1.4504977751786994,1.6757689551914179,1.3745220968009606,-0.527704200812752,-0.27807240196965427,0.20889991136595107,0.8577151482099116,0.14768511532176856,Vonal_B,1
ITEM_00003,73.06134838273063,2.5425775456164503,44.39533758120208,233.8531940953045,31.420680385336823,113.9072338646737,103.9929675014177,61.111509010094,1490.9478770220699,2.602192937291563,1.4004177521964303,13.511847848308781,15.060235466866349,44.05941000391909,0.4615075208863644,-0.5013986955323357,-0.24306873664325146,0.7709758601497174,1.0011902456857376,-0.18852639071878896,0.2753058781970044,0.9152913759774526,0.9094537365708841,0.520628478468667,-1.1588145157373584,0.8229621938338737,1.1273528663411316,-1.2571861705265592,1.012117718627943,0.17060049367776006,0.38711329104249204,1.3773318460630366,Vonal_C,0
ITEM_00004,82.92912971691744,4.704838164563187,18.821581266539727,237.62969789837402,67.61869533455678,66.44343146191136,69.1154666789454,40.095703653534684,1790.7504381803037,4.553817318542241,0.20366305342490781,4.938831649746002,13.794063545072284,32.36394675168331,-1.9136248451013147,0.4064069678799691,-0.8226690182493344,-0.36293834670361613,0.1290644774221578,0.2133067867920018,0.4277113223709492,0.08134106555591186,0.28109435049082143,-0.3970138647215993,-0.8536690957560416,-0.34155934175389957,2.165415441300801,-0.22810984547937277,0.27595172044787675,0.7056211252953579,-0.6954245216057163,2.0518315996192813,Vonal_B,1
ITEM_00005,91.90152399101318,5.534045979793205,19.66424392089398,244.28601209785526,63.47254685605145,118.22942351500477,73.01483001340974,52.217743936288024,1990.3938325954332,5.290866689230855,0.2818501461061189,9.257151984384585,12.74336518972955,46.79367174249753,-0.4394734743427388,1.0157339916364863,-0.6800479940636414,0.06569640740337797,-0.29960860620040713,0.8822858516366439,0.27239889211513557,-1.1341839743603965,-0.35488120922100225,0.7052141062833513,0.49866429587957456,-2.1297243906573877,0.9382199510185845,0.9529950452758932,0.5872670189965499,1.4311421187245823,0.2710157992013408,-0.3961347679512193,Vonal_A,0
ITEM_00006,80.34917681393065,2.292306737128771,17.33620240456185,212.80222555574073,43.07202345000157,104.48868062980026,126.65799421097137,51.069923370644545,1380.7456917584093,2.0663988180091803,0.35930926552512343,13.463805454432299,16.25452752374608,37.76111590826818,-0.8903632036808223,-0.2723476696550662,0.31746361676603146,-0.3586406424029653,-0.0732563218594119,-0.14438544575828208,-0.2117077193701116,0.3498374745124281,0.5423176975236371,-0.8778820718771032,-0.019726550494636595,1.5095803502153688,0.2525665082360195,-2.1031928581806563,0.6660088237305857,1.5746008630448947,-0.5188106883778798,-1.2904317795857467,Vonal_A,1
ITEM_00007,52.49636492485236,3.397923243302773,41.73428160995975,233.29263448527212,31.69624763225435,141.8474374288348,67.80757687009047,48.41620893256234,1627.49184873054,2.6708920527797506,1.2549180235956072,9.438601621283773,14.078846260699304,21.13546181742475,-0.07661556115365008,0.7432027279512291,-0.7538519338411848,-1.3061389127919558,0.14097574431309748,0.7873607939400574,-0.28592115736489715,0.11059838060182418,-0.6052455958474393,-0.8285732891927687,1.2910636257825545,-1.4121755061376562,0.7497560603560618,-0.9739929226842033,-1.0551871109550641,-0.6863509690255498,1.734301208073018,-1.9815417476561843,Vonal_D,0
ITEM_00008,72.49455818932498,2.8748320338792928,31.446544887038435,227.22032758068525,28.706991278815934,87.34212202641567,124.64751343456513,59.7323720962093,1766.7977529846455,2.2664686464471235,0.9588471134135483,11.065367765036447,12.579583448573487,43.41258096164239,-0.0988312451500121,0.7148888488072895,0.8618733830746633,0.1306516234662877,-1.2993298163356923,1.7568416404446647,0.08767498509367372,1.7203550356544437,1.1926797251436054,-1.9607548443783098,0.1544473941596211,-1.5573229741136494,-0.9413574501889533,-0.8195106357582017,-1.3363874307986072,0.9040706025655961,-0.4558532304010812,0.08290710650508068,Vonal_A,1
ITEM_00009,63.39210424022684,2.456460780976747,26.448354880552127,223.09436794698172,35.660707402705015,154.22927278373618,90.0429569504671,52.75415182966223,1529.1169384572077,0.9586250380888618,0.7253300620039195,12.935277374265397,15.070706107385655,36.5508195328034,-0.930965837922332,0.08351023455352258,1.0798627206224356,1.5131047141354197,0.6975207626847111,-1.4782912140046396,1.4419730053270956,-0.20334485304693575,0.4170539645640778,0.060920403445462665,0.8408946573250128,1.4953449569500743,-1.1733910649790225,0.6405427888037095,-0.3857422881928353,-0.9281725704269824,-1.526574414102204,0.8645518525228321,Vonal_D,0
ITEM_00010,63.846208758651464,2.967566079611225,19.356288071173378,237.8770757671283,44.08792535148011,134.89798180070517,103.00929210701159,57.54812715076453,1173.329914158218,1.2085140164052262,0.4481915327017337,13.491895814697004,20.558668615248404,38.140434801784224,0.34809839074323046,0.11982547593702553,2.2773706390554835,-0.2119187419708155,-0.6882274826967868,2.723304847356909,0.7728076048497288,0.8466873909387175,1.3012278417505885,0.9957184653032953,-2.596378531524555,-0.14296081539386074,0.8319144755267877,0.030696202742056138,-0.11674023727792945,-0.95892194801362,0.44447028404197403,-1.3648500555467913,Vonal_D,0
ITEM_00011,62.82892581909494,2.7728037105325885,34.54316820011304,205.9864237185962,40.025591054766544,167.26626357834164,74.09748838484609,60.49421138052749,1397.148537801747,1.3366425764557284,0.6042298646908321,13.086877754252804,13.853611208388434,38.50915658282802,0.8799573807327227,-0.1912583637019312,0.2852803685962508,0.3484819449940379,-0.5247620186918581,-0.8059262781184227,1.117996045754062,0.6701090769268803,-0.5059690139522273,0.6835181579764702,-0.2843452289843107,0.8145993846056976,0.8586262024069748,0.5792628615231369,-1.2277075528766483,-0.28691807426362714,0.08782251853689374,-0.2916243204762044,Vonal_A,0
ITEM_00012,83.46698384986318,3.773568230122239,35.01825383202469,235.03573409696807,40.7532904770845,242.52248954420529,129.3575541186288,65.50701971402015,1083.3712257741706,3.550574485611932,0.8119701597917774,30.4460942249865,21.80494034438664,54.6391993689814,0.4805938530840487,-1.0832959989261193,0.7885601718985246,1.5499961364031973,-0.951334080887985,-1.1069314717219696,-1.5846643908537514,1.3992867084694516,-0.9933584532198285,-0.13447897152099578,0.8760292298419452,-0.290825437797648,0.6085077416777384,0.06596620645356228,0.8560224546057312,2.0403020933580325,0.8864179942490872,0.11456352967043724,Vonal_A,1
ITEM_00013,93.19240565367254,5.5159115616448995,19.350088958848875,238.05241341433504,51.07074101014364,64.10268850997825,12.991179530327194,44.13364898839417,1573.2332719848723,5.133534737982254,0.24245410069904624,0.6185990266530795,14.942934205606361,39.923866079637534,1.2683016680055286,-0.4309167564272783,1.8717001656258294,0.6732874576637695,0.314572181068997,1.1018657814763222,0.817520225378595,-0.07870502382148307,0.808915619062604,1.728092149011572,-0.1408552121151282,1.3463607480187572,-0.7929294444449745,0.7177884597288032,0.5409423458843533,-0.23150320616201678,1.0472434063855711,-1.4844594872255836,Vonal_E,0
ITEM_00014,82.03098971866763,6.371354810252998,25.594812373350948,226.01606477364325,65.67037276842342,113.13527960610422,41.561121784287806,49.21721159770351,2021.3368698599284,5.409807874980415,0.2901772488447744,5.326687251960803,11.732715462114456,43.64092045064681,1.1953076833109566,0.9013516491986056,-0.648193576980325,0.6664584204304992,-0.5983418109877131,1.976765960882164,-0.5079629617915504,-0.4797845933804231,-0.3924535422281588,-0.5015773048187778,-0.6949418166766883,-1.1258314660601745,-0.3646981436493494,-0.3069312745523039,1.7853311120184892,-2.2412835222267216,0.5983519763475649,-0.5687198241613877,Vonal_C,1
ITEM_00015,88.58727062752965,5.614336390242491,26.114812417688672,220.03322629650899,55.706863021914884,99.21710871250177,61.613981173013,43.231213522162165,1849.108443378966,5.065317606597268,0.27289794482641233,5.145505802370212,11.604778965664662,35.96228757279353,-1.5583099184910183,-0.2098509141338526,0.2489267733266421,-0.22035512634564258,-0.8892046418621677,-3.0118140925341006,-1.46857629555577,-0.1987898260470638,-0.6296101675216836,-0.7418176891550481,0.14895153176427797,0.6527203423389701,0.7491188349949205,-0.31084644422505625,0.4413382982221462,0.6921284107471963,-1.5598705770380543,0.9641260547019533,Vonal_A,0
ITEM_00016,83.18442103230373,5.7269108627601755,21.193167277074295,242.4949511587931,44.634158616936226,90.06644108013158,74.96841870186975,37.45419507662301,2041.645930674551,4.555390689707379,0.5973750916760192,7.352517263136946,12.673277433040955,33.553043416442335,1.4145340248002871,0.7000563928855816,0.7759618051526415,0.25991009965128636,-1.208572910308194,0.6269860144689202,1.1488224967457712,-2.8411297903771757,1.2891820419212296,-1.272619250702701,-0.4598897370725238,1.5769283844916584,-0.5948780443249096,1.4333758539522727,0.3041275979674081,-0.0381096252974358,0.4545680032496078,-0.980733831757705,Vonal_D,0
ITEM_00017,76.16609807072646,5.6064500113526075,27.395145157437206,235.10091055419022,53.044292203942746,76.84771805488677,66.28943736949125,48.75255005402206,1823.8096161351127,3.82827728928494,0.5930124295476769,4.996875326191902,13.077496225238816,38.62253416935219,0.22360240611808802,1.5950632603235093,0.17376977567049653,-0.9418109683061447,0.33450291138495475,-0.8383448951865846,-0.00379610000502539,0.14515216065596362,-0.2869762726808357,-0.987371649035856,0.4753036307628058,-0.053665130287535064,0.20666445357274815,0.6131258469445966,0.6467460363069937,-1.6612321132534624,-0.9552514600206679,0.9006328849177583,Vonal_E,1
ITEM_00018,80.30086047722034,4.163444932327041,39.25115129630257,207.6889851230316,19.71800139755978,248.05570666392816,158.89228523338315,64.50648571509495,1219.752662737506,3.3409043292718636,2.061625861272802,40.132690056993425,17.41530516480221,53.37699470628953,-1.0379932159288041,-0.24381050368522247,-0.9064993546768496,-0.2960057434613458,0.7187162170112235,0.6422624556153815,2.8444508112484317,-1.0697908099637299,-1.9784862780241015,0.10257660303655654,0.18849211204977362,-0.5758619277161484,0.13503228599531536,-1.5969813397741774,0.6663103148886438,0.09084580342253805,1.0407660922963238,0.41744397384886733,Vonal_D,1
ITEM_00019,63.454576329680755,3.394568361271165,28.055140138831838,213.30429679688388,31.561213908547117,134.36697620702216,100.06305904811387,63.16954470522583,1256.3956905710625,2.1966230435047063,0.8630941421936742,12.94979750754879,17.35425467027841,41.812746308181815,2.389591789157256,0.09495097947982246,-0.4411914220299413,1.6492641383334403,2.1424354442730538,-0.21235500901084164,0.5656743462993012,-0.23491918804872056,-0.44020867949369247,-0.554322985785471,1.9343685747486743,-0.5685739309349934,-1.5467558597924767,-0.8523495386658618,-0.8239201745842831,-0.13524824582761946,-1.3395305692297284,-0.04924234258524835,Vonal_D,0
ITEM_00020,72.00642604101422,2.841458083290535,46.05898025227914,230.34893719473098,33.87032927790411,170.9222626262482,104.03265102145195,68.24612315972303,1842.3833887088317,2.9141802167312365,1.2852812746513413,17.974786170714026,12.571267315432161,50.05186391787465,-1.1302613767294778,-0.042671047671922854,-0.17822597342767219,0.09913704462250715,0.10858761239216082,-1.2136592206426164,2.6654010772059054,1.1477739684074513,-0.5746355124814272,0.31832668541785747,0.710419563878386,0.03739253256119753,-1.5314045466788089,-0.49585808437863194,-1.4923683132755818,-0.5577214723929174,0.38988927693080117,-0.9699216561932966,Vonal_B,1
ITEM_00021,83.38747507149662,4.4808242824681965,20.372697285393073,239.28720414483183,48.094203533318804,82.159649149164,52.29763866482041,54.64526883557747,1808.1967720152857,3.274350478541373,0.373348111366215,4.057446218816828,13.676612930870672,44.627766316444934,0.576393103043273,1.0375755024152438,0.9394706725886536,0.44195581216985774,0.5620637833122742,-1.6942632785546718,0.9444001143156805,0.04649218758277663,1.5259308747791769,-0.7630278267575603,-0.31158795355719715,-1.6266163182176303,-0.415166605491158,-1.1905935608976423,0.46048576044306555,-1.096509150515454,1.3955988161389128,-0.7299036055005472,Vonal_D,1
ITEM_00022,59.50655288800922,3.0075686427674,21.682675833057043,230.1545730348977,34.60651097465791,135.54354275059592,52.5288075007757,62.61899666058697,1528.5430008251963,2.0354952348222453,0.6971633098161086,7.868484350504578,14.687035843316734,38.30749676299501,0.6178446579990454,0.8840406004506515,0.19584506270738591,-0.633931311226779,0.7067290812661325,0.661085640043414,0.8225800389977364,0.20216724447776327,0.5135260434002356,0.29764755996995385,-1.4992638174772699,0.31395568127281503,-1.5575371610539965,-1.213358669167852,0.6927681223270167,-0.6794305575760837,0.14367717904503138,-0.15044992390037132,Vonal_B,0
ITEM_00023,99.59162993389175,4.733859790284616,19.06910569757186,248.92353085266578,67.55135004461711,85.57307670450894,43.41911994318306,44.79332957204779,1591.7614162182547,4.941757631593836,0.1730189607114334,4.388823445466976,15.7973221255249,44.47965856304946,-1.448096416599834,0.8849538908275791,-1.2683893962077315,0.07066499165863638,-0.8929438432596026,-0.06544131216994989,2.131014990516534,-1.0527451799565892,-0.5614272387178338,0.6165060522865827,0.08330113086570634,-1.2412090882430362,-0.490978945830437,0.42095959600187366,-0.41460878388316386,0.10344352426690495,0.2472296548535306,0.1409177093026595,Vonal_A,0
ITEM_00024,67.67841973046129,3.146584279391472,19.34672512803342,210.68239277462905,29.709430714819838,95.70332653209296,87.8015850412555,43.329580444083405,1251.1200342256025,1.4790890069009057,0.6134319011483209,8.380022962238739,18.045600545512727,27.981299760175297,-0.9667333739966905,0.10157045089808417,0.9435460940506891,-0.026448835080782288,0.5092105406061251,0.3068767038535735,-0.22325834625400284,0.08198119377337915,-0.43335378827395016,0.11765075266246854,0.48028888345065235,0.7508453948305291,-0.7877448476462368,-0.031930212826984834,-0.9794851425015022,-0.0278104008474126,-1.475486531386743,-0.12650759526708338,Vonal_B,0
ITEM_00025,75.31014198326106,2.6586681756935464,13.7291105855228,223.3376962951994,53.96444756358823,133.5835754844724,108.77324289919528,53.74313238626186,1087.039025189934,1.4217956516153603,0.26021786876325875,15.516332518479887,20.42765810148008,42.890537217306914,0.7054776219498687,-0.47074071079008184,-0.7551151065826933,-0.6237941916855871,0.28264095028628217,-0.7315308802603501,0.5318590249520347,1.2894425132326484,0.8621442406697571,-0.4861467407587797,-0.38468177348698745,-1.1775099047399575,1.4339169767962283,-1.5229114497040588,0.4304961590838458,0.48137926226944133,0.02492610331630433,1.8839112522650643,Vonal_D,1
ITEM_00026,64.24788121871728,2.8118114736238344,21.19422225113241,216.7250206963249,22.494696254304426,65.76132692640209,115.7564812878928,48.966201640441255,1388.3355930749,1.4345676349135559,0.7791982442703008,8.304223428325841,15.855561481578079,31.950159935964155,-0.5763064710777724,2.400561443948158,0.4796692736730375,1.2843211267260233,1.1057314058388006,0.1457009155840654,0.6359026286702926,0.09832844585328422,0.5120598999871723,0.33704417868520353,-0.10822508224342424,0.2481971102111407,-3.490971121659849,-0.9090599643222629,1.8695073633122075,-1.1966413485819973,0.4484738317482974,-0.4470651969494311,Vonal_C,0
ITEM_00027,75.93814288027912,4.9805281208301935,16.96682802811886,236.48799631922276,49.82687564518293,112.44304519810049,59.046938499877676,46.4855380603625,1967.038929703067,3.14520119622318,0.360636195559508,7.243042208811523,11.23688632519322,37.276796732415065,0.9781476718873423,-0.01605486207373009,-0.3812367462195127,0.81447156103838,-0.47407904425962133,-1.6735826774545361,1.1869866294193643,1.069892877344785,1.3757063519314872,-0.17954877303456107,-0.8628511546497417,-1.3959805570373576,-1.1953133786248435,-0.10742642692921422,-0.10732808178603759,-0.0014276287888256684,-0.6450206901663569,1.180397855898743,Vonal_C,1
ITEM_00028,97.19323103147536,6.20572796321612,27.18967129513693,224.75156534256504,49.176352277693624,75.11387788027307,79.47621923156748,50.05932758708662,1961.0500369072545,6.132085620104558,0.5761891349782744,5.341428774679915,10.828154526417412,48.83386377405305,0.47251798496882963,-0.8223206071085737,-0.5206275552675714,1.5266016165832874,-1.3434374998548697,-0.010942492565966503,-0.26310515536827106,-0.6983257024550931,0.3468821763904929,-0.5362172990739291,-0.9466395866069631,1.7293525431640342,0.13660176553327152,-0.12072762790319166,2.010476578150482,-0.02128675026131347,-0.10181798895866125,0.14849188117196335,Vonal_E,0
ITEM_00029,64.18403041606135,4.087510790400476,33.794564291357965,207.79411489543986,49.139507918482025,229.9289662403622,189.5902062244873,72.15917438007013,810.9879679842758,2.646089837288411,0.4585659395568789,42.902206098614606,25.627711846382663,44.611768261043146,1.0753424980418382,-1.8569714804849067,-0.9205901815454423,-1.4461247652700946,-0.31377365153593034,-0.28068269443757465,-0.2708926439167553,-1.0932920598834832,-1.9634921325246397,-1.0340336287254137,0.18866090938209765,-0.7689644155958829,0.733888256590243,-0.3994901920356481,-0.17682440557759008,-0.5817726374084643,-1.4114277366768802,-0.03483871785313851,Vonal_E,1
ITEM_00030,65.36221027360097,3.5866772251415053,30.93013702090428,225.29694397241477,15.833331339470174,107.665562135832,105.70678820570693,68.7821187264904,1527.8088329369239,1.895404440783778,1.7085480713882166,10.568227309762447,14.581450161385582,46.79328963611905,1.6195687161212609,-0.9867339654539053,0.30061690424684323,-2.2506765964048214,-0.2408509738642977,0.051790732775435326,-0.7277527570948686,-1.13644648569868,-1.0048931084364991,0.6727533069620542,0.2172945705055097,-1.1339379031360028,-0.6487807785104196,1.5696119818106424,0.8286376076572971,1.882274921975588,-1.2238540092846735,0.36931630940715304,Vonal_C,0
ITEM_00031,55.616952370791694,2.5300171077076885,19.564353261563568,216.01731355998612,39.83938692399819,55.738118282478254,85.00286103366142,42.24840153569068,1297.8616210594062,0.8198077791114214,0.4963181569027943,3.4610915741780848,17.016068947998995,21.199543969820844,-0.9506253550171756,0.19793011837541477,-0.6493108219999689,-0.8389809829028273,1.4578422100800161,-0.22138719397444223,0.8547137932471637,-1.336851187110856,-0.020476117113108795,0.4783596203357606,-0.6273479449909087,-1.023086549129147,-0.10776107037097032,0.12711604793273465,0.7861892109384926,-0.27378249155966855,-1.5746393233216762,1.0037940230205669,Vonal_C,0
ITEM_00032,60.8359287076713,4.149577339707806,19.66654612501351,227.31283975853225,48.21427600348821,125.20836011378424,100.18573285761255,59.36737493314273,1315.125030274977,2.257210390544556,0.3959628369827026,13.200186595232239,18.148402306055033,36.465152253881655,0.7071595286270491,0.8849982615693198,-1.0724997122239095,-0.3240989088304693,-0.54212447100846,0.31201179615271923,1.0345653122966696,-1.153205928065973,1.6297391946778483,0.884119356886678,-1.378833791585357,-0.407610676021335,-0.2971134669302599,-1.4419186191793274,0.3888422814443689,-0.364278369581768,3.072234331163891,-1.6490659417014495,Vonal_D,0
ITEM_00033,95.94604014435485,5.773710494071973,17.76014823371474,236.27627793715038,67.93799236736675,76.59602823996758,35.838705953680474,54.83465250327172,2016.037411060126,5.31350345729926,0.27162903987649073,2.7802299803740937,12.090546495100032,53.63067124088138,-0.8178891607432479,0.23682260633836197,0.9615127732873551,-0.4438750077035165,1.682184502035978,-1.016604051453138,-0.07893174949737779,-1.4481646335743745,1.7547042167057962,-0.169909244795417,0.3639183444241425,0.4138436618663189,0.7145131209609819,-1.1794616746324669,0.8498075024892189,-0.4551652033977827,-0.11851383282489221,-0.2755283889978475,Vonal_C,0
ITEM_00034,101.53069116980863,6.236271264879003,23.142464304263484,241.97765938556543,54.57967092993273,69.01463465240575,79.7923862701236,38.6453870829536,1879.9865189879108,6.871533953145974,0.48276603543680324,4.122972463634842,13.274987087638532,38.16953274449178,-0.06272187654510056,0.41146994845592155,1.8439879136156339,0.9629232982381388,0.8105539145758791,-0.20701655854848552,1.1440598221796177,-1.1508427581673923,-1.640231646464198,-1.902223778125556,-1.2740737250408842,-0.904879255920751,1.2535526777055923,0.40137637166462514,0.7114789973984854,-1.6671775806242561,-2.096069939985165,-0.08968814770753443,Vonal_B,0
ITEM_00035,78.17974755956166,5.746868790874865,20.939047590278037,240.64360774340093,57.09486965123776,52.26857798588709,59.60330087453839,44.853144905057945,1739.8474940513106,4.42134978753982,0.35461541994251916,1.7573181402745104,14.807423902022505,38.04587407441163,0.5124095991588143,1.3936153762920729,0.460167654157858,0.7247219626419503,0.42843384481367863,0.5860662458155972,-0.5994376498285661,0.5334011033372256,-1.6287303547456728,-0.4619086014772008,-0.461080249222616,0.3321936965407325,-0.21459940910982359,-2.359574441070651,0.14540315550447552,-0.9348995025896701,-0.269676121211548,-0.870110434366721,Vonal_A,1
ITEM_00036,44.52511352043196,2.3924692561003997,20.68172534619775,225.6601307832174,35.632398343545304,154.14535146891026,148.1574416780132,42.839790950429645,1480.1077909779956,2.157711523548033,0.7057765168275859,23.25297312710419,15.405099790386366,20.087748746818725,0.1806068841045371,-0.4517157465151652,0.21985344493780498,0.7439142278289208,1.2197901233440673,-2.5399280217747444,-0.4218422218603372,0.34843169796022433,1.9463146892587722,1.0961296908847564,0.4797509880080148,-0.0438112148072567,0.0026427926717361738,-0.9342957096587099,-0.14563198384702997,0.28346415301809197,0.31215302343782875,-0.9974488366234633,Vonal_A,0
ITEM_00037,65.05959551628527,2.9167669188718213,50.68082858075826,224.44474594841557,36.700035006787914,95.64502852598861,87.57188091436092,55.108755432459105,1404.0945745577505,2.2338567752532614,1.3658447294984586,8.977096919353837,16.231217099650028,34.58211483185193,-1.070132623514189,-0.3299171105034069,1.0250677478142174,1.2052158013419483,0.27498182340253785,0.24484592226353588,-0.26612894120595065,0.25459942494489934,-0.7733476597796913,-1.9985488346595428,-0.7183877156674325,0.36984612850699533,-0.645859607799777,0.6567866671194692,0.6568738253566944,0.448657851731476,1.0937100161374558,0.3202927226328886,Vonal_B,1
ITEM_00038,78.75683873851762,4.775565600014811,53.89204394302378,206.2303255224077,40.132809219668246,176.5259671456114,191.52586478051677,71.67597497431167,1098.0950462606115,3.6039278004075754,1.3008125535874906,33.075702970620135,18.27051116355686,55.258365070008814,1.1022965343987652,1.3582507693782266,0.9687788234612784,0.46779997741924173,-0.28414681432840283,-0.23963329199074374,-0.9327198357412972,-0.7133445912655663,-0.7962404972155152,-0.014355048316219598,-0.30739951366200613,-0.3752903057434029,-0.6995701253633724,-2.2907369452545776,1.2126352165185448,-0.2114230664042467,-1.294185539055915,-0.7807385736859535,Vonal_C,0
ITEM_00039,72.95107759163044,2.982846297019942,39.45757265220838,222.38761062460986,35.33331781058261,116.9863178536223,100.61673182329788,60.32070837917488,1386.760528916464,2.202099564170445,0.9902945402170779,11.014873242199114,15.410376410122462,44.11847513971941,0.6222087944029807,0.7283313310046192,-0.4105646286002018,0.7822729032233121,0.9804223601424348,0.11193958644409509,0.0950122457251639,-0.013490639570169428,-0.14825286453414716,0.13564358892337658,-1.0653979474700255,-0.19012228443682602,-1.0930037939131798,0.18835159791662948,0.03942291795985937,0.11502167345928294,1.5234171080280847,-1.585936705211572,Vonal_B,1
ITEM_00040,76.28224057516503,4.7815070333195235,20.051134042500262,224.19790085145485,60.7430982841269,60.362063809049765,30.123198645103454,46.280336802611245,1420.507715944503,4.022173000043164,0.26737835540386085,1.586493479804783,15.564872537977687,32.271692655156734,0.22029162842710118,1.2857168575261653,0.4644867362659122,2.478482591934525,0.9299640488001847,-0.38779648155010965,1.6560679914572185,-0.5599388083454221,0.21923582464347066,2.1053719298155276,1.007618386133755,1.444850053775656,1.5099594309663156,0.6760831693280972,0.5139458068930258,0.958492616615434,0.8996158430199089,-1.88290765702845,Vonal_D,1
ITEM_00041,61.11596201067234,2.324792947571324,16.042743560501425,200.2813319144347,45.397573247468515,67.860435243095,77.77314267738467,58.110793588168065,1472.4752368744232,1.5032511013593621,0.23402114231682042,5.28437905777535,14.617812270441084,35.257121254853615,1.6612546677996678,1.101130049904953,0.9229743042223982,-1.1248605797690225,0.7163616341920042,0.25265314529099375,-0.5645056544942842,-0.2741753460790588,-0.25526982613376753,0.36595407659845425,-0.512587976131866,-0.3306180919817135,0.2002250043021267,0.4641636648835699,0.3719804126198286,-1.0513779960467962,-1.2217348730043804,1.5662447811673545,Vonal_B,0
ITEM_00042,98.52434993146555,6.171409811553243,14.618062731367818,212.68234813528383,47.302898975743794,111.60298693532218,66.55278469471521,43.95933396878697,2184.0701952329446,6.003031664631335,0.4265055056259415,9.645045440762052,9.62499952805437,41.962572257482734,-0.5459709883475382,-0.7423066990590416,-2.0198299478315938,-1.3856400070648554,1.2477223823412296,1.5191413542256305,-1.8924780444298182,-1.3730810818771244,-0.44966652244278904,-0.4276959748785768,-2.250482054469392,0.6908689093067106,0.31280027171809577,0.01688171213965274,0.846374543562225,0.35679462857893474,1.600325921120756,-0.9665383748767475,Vonal_A,0
ITEM_00043,70.66835008471499,2.2621120719398036,28.02998594632376,230.52255765725312,53.071737248921934,106.01970118651137,129.8810122620688,54.66761940860505,1557.4372243344683,1.305794713179521,0.36474371706398395,14.147317175243046,15.124735161219506,38.92978305781733,-0.6040949757082548,-0.7599654490469072,0.33261412344371516,-0.5288658832358587,0.6635736510301947,1.6008947607493562,-0.14603312552159992,-0.4408633027062129,-0.5220646611100522,-0.6012102890417974,1.4655005339238154,0.022441201291834315,-0.061488475839872686,-2.448686480023727,1.4902655512077567,0.10215117642197834,0.9659498665074836,-1.6692075838904035,Vonal_C,1
ITEM_00044,76.75229826443386,4.173139316032581,45.70169073986647,218.73652848058424,43.459779552537206,292.7161978826818,129.75354503139974,70.52628367627044,1201.99281091361,3.2234411822827713,1.0090810914082173,35.40537018313866,18.280608481956772,55.82270615140148,-0.8570310646576549,-0.7673415257626259,-0.4539997840362264,-0.24473468047780328,0.5292064497877881,0.005737045922142673,1.6552144715167256,-1.167026952893858,0.3835203474141112,-0.9252104678522841,0.13048674844994487,1.1298408671898916,-0.19986606719585384,1.1314810031517062,-0.6041417639882806,-0.4399387195418458,0.07296010534137923,-0.19321783410309776,Vonal_C,1
ITEM_00045,75.29622021824136,4.455278474759102,29.61952521345363,215.69984109893113,26.06054020512909,145.2237312160632,156.4613208627033,74.92478608802257,1045.7230240408098,3.6421941969929614,1.3144565894753826,23.1388451169736,20.74814546843979,53.492268947293596,0.6770349104388179,-2.5228980741184013,1.174694400043337,-0.14815000372495776,0.051779488429672595,-0.47767208616814694,-0.024939773057273396,1.1330318864181639,-1.2416551607533612,-0.7329252484460588,2.2246414744448653,-0.4213928036211433,0.8634079092713185,-1.4000053020708365,0.7045450099206795,-1.451097008486149,1.7013594712194302,0.3983501179121327,Vonal_D,0
ITEM_00046,55.80726522405922,3.1926568745161936,41.51212847695653,236.77906617948545,46.56225379620412,141.62380043604867,122.17265755262125,47.73733002590769,1353.8913686062174,2.326504786859958,0.9209224312855525,18.258181128227836,17.82892991968024,26.023488952557095,-0.16740898657093678,-0.5162699791026923,-1.2650391075435623,0.8702001224747492,-0.088595257104154,-0.6406790545516582,-0.6709632873675848,-2.22271422443682,-1.2089053440907118,-1.0358452417286659,-0.1726974111643406,0.15493727909901345,-2.223543215154586,-0.20830358201126278,-0.09538986974247875,0.3288755162623105,0.6156531631211629,-0.7573755194144374,Vonal_B,0
ITEM_00047,75.2836907504961,4.554339236648092,48.84758063828592,212.59538060436873,32.5419728951991,228.26224999609923,125.72678448609776,70.421069804867,1206.7904967911008,3.159927864655223,1.5216107157836967,29.655971248485738,17.90184255413023,54.3045633279627,-1.9350222020701464,-0.11904442110604062,1.7958735746145582,-0.33068949415381715,2.732817166107118,-0.6534392107884256,0.3260015646136597,-1.0055417727552007,0.2833961927370307,-0.17863901486145445,0.2935395294483225,-0.8061828455124284,0.040965570217514166,0.1025349696370501,0.3758134641864196,0.5586541957831329,-1.8186287207299274,-0.18526882972080455,Vonal_C,0
ITEM_00048,63.335205343197174,2.2479012534208853,28.33268847664971,219.1611697842481,52.45614021516369,119.20401186792388,109.63456165174323,68.18525015546336,1536.0811307845918,1.46596792683174,0.6074132095289532,12.100169443846676,13.617698171974247,45.343041927330084,0.5783079567156241,-0.6891697463950985,0.13861229188202914,0.0205928579439606,0.5624595674566462,-1.3580500837018792,-0.5898773442388706,-1.7017411986058164,-0.5297467922646001,0.73647109881533,1.0969086674669368,1.434847996798604,-1.2716438604162499,-0.4048406613763553,0.06753926525346113,-1.7669224233984444,-1.0716564753544253,-1.9741753503183137,Vonal_E,0
ITEM_00049,67.4536973796242,2.913611932579863,29.678869775234737,240.7967524890651,22.727523055362468,113.48057974055965,123.08780578414911,51.38527480623669,1476.2990303161575,2.1274229291236093,1.2686403986617392,13.629091867362845,15.572596562254308,38.64364474905408,-0.11735772639970668,0.7761144305256007,0.22340735212818855,1.3719600829442198,-0.17457975594950714,-0.29431939142217894,-0.29943317725719815,1.1057201339453875,1.7751522433437066,-0.9803251695028934,-0.24570198397343967,-0.8066859078784716,0.3068056374409569,-0.5443635304354043,-0.3279234396961103,0.18935259868609097,0.03943019709436808,0.43389991141570716,Vonal_B,0
ITEM_00050,69.36131090823382,4.095416168419896,29.750759148024173,242.85446838015721,43.71703926248112,230.65608834559174,181.2506880231593,70.53328452560277,1272.2665827751941,3.810060972669585,0.679736670928983,41.890144309027455,19.695961680920416,46.275798265923235,1.0746772204705533,0.04096936766522122,1.4547193387089816,-0.3763286288494625,-0.3594754274427744,1.4444698486328165,-0.22633941161975946,-0.3178022531957031,0.4539954864735785,-0.020498738532307454,-0.061564698462415225,1.5729131881924394,-1.1019544333276445,-0.8263494153766254,1.0692789634638131,-0.6490340415414136,1.8522226655474745,-0.3076478656098946,Vonal_C,1
ITEM_00051,63.07429269913511,3.5489239184920587,32.9577291953051,204.96688579711918,47.80698196544992,111.7248298622204,29.191173507331555,58.48738199422864,1488.7561143348507,1.6866420762770462,0.6985591796314056,2.1088021677798308,13.488348578230704,34.59949285719012,0.35261010760939754,1.3771582447482422,0.3285208684213671,-1.1150275357110018,0.04183474985688315,0.6945604719152685,-1.9121646018286163,0.33463554338761836,-0.7023245285652636,-0.8409939652592979,1.1444737161721532,-1.3215705889909324,-0.14409374395044586,-0.9666662087258086,-0.7845146455678838,-0.866724645399847,1.3188327912568836,2.3115302555482673,Vonal_D,0
ITEM_00052,66.19963659515219,2.5787574202836643,22.676384492019977,218.61460042128957,34.14852100509761,154.65166237734917,100.81635789577757,37.96253044904833,1656.1177834933821,1.4070683737231726,0.6386256398433495,16.220112254534175,12.278005872493765,26.312982740712677,-0.2751167754195356,1.6488733246942222,-0.9546987982743288,0.19318729597927053,1.6749456001298018,1.355432776418262,-1.428118853741426,0.36356113842899584,0.9382595141179385,-1.1242432567792355,-0.9767582983425478,0.1139769259794061,-2.1622061866133793,0.15033922441992917,0.4218454832792016,-0.130369663528751,-0.3956600741065255,0.4067445366431159,Vonal_B,0
ITEM_00053,73.64882487450254,4.323552023148439,60.36174302018976,218.3179396198828,27.295856356133438,189.69703355421416,216.92575609939036,63.31484490935397,1452.8571847202863,3.8702165708214364,2.0969034136587275,41.02480206746553,13.919195502480175,44.201950517387836,-0.10047219117669236,0.8215602401131059,0.05906389235801103,1.0562489529710417,1.3733615577568192,-1.0246936691959878,1.4475032874920584,0.5152087472940902,0.16370495328210746,1.1200747054065467,0.2957890482076721,0.4462838619888736,-0.6483133374663765,-0.1777954326803924,-0.23201422219906934,0.7888977666853607,0.19283324223556667,-2.1671820268710804,Vonal_D,0
ITEM_00054,82.22047050361383,4.458952323762203,45.507735416193114,229.80278446088298,27.0221104920668,233.81874242268992,162.88797101786827,66.49996183711373,1394.4056745953353,3.715889655521894,1.4867891245879097,39.7288496748678,16.47553812216455,55.25882178843204,-0.582435010781762,-0.07207797848575137,2.3991430705995467,-0.16090953269251707,1.0931285407913554,1.2431769865815223,-0.7847055602594274,0.2596766234315223,0.9516784876931684,-0.8114283737101015,0.7785369505521932,-1.4352150047057344,-0.8033467385328796,0.5822462268153028,-0.12027246695103086,0.36429320681570226,-0.49587458958484737,1.2999343659131317,Vonal_A,1
ITEM_00055,49.79310322017528,2.718402267019147,33.38465476368078,208.3949014285798,35.62586908026866,74.86171137410554,78.81890666742729,66.79607874001994,1344.342973036332,1.231686596463618,0.8632001559908846,7.219763515341785,15.797369484670035,33.49836283265409,-0.27867473116123037,-0.8132561526906825,-0.19666755521893473,-0.05486073795671846,-0.9799486207850063,0.5134924181452883,1.3310028772108193,0.029809976858009072,-0.9458205602626286,1.201661147620216,0.08336175158301258,-1.8328550374445127,-0.7096316000867262,-1.905363568626317,0.004053727442311503,0.2571815649801888,-0.008451508270112717,2.6197255635512544,Vonal_C,0
ITEM_00056,72.075230727837,4.650869867369059,26.69220210666773,246.09836016682337,35.622544057992535,176.4517307994575,85.83924184151168,69.31073519440544,777.0325030943462,3.248839866949597,0.6484050471213837,15.51567964035888,31.292922000287074,46.6963189450425,-0.791322322827732,0.1290149589914796,-0.015588731625442092,0.6357907975282756,-0.4926735768845579,-2.611959171252368,2.547116318405732,0.07146499902393451,-0.2645798360306555,2.064789428584941,0.12258186452434901,0.8985783891984008,-0.39977998867706666,0.042374155694873454,-0.08474162902828579,-0.49049238683137003,-0.4368726427437318,0.27750091850333375,Vonal_C,1
ITEM_00057,80.45754257239203,5.02269717564436,22.374822686396335,226.45759431694313,49.992963886037,47.56246309790282,63.82404370332954,47.20966857798012,1696.252629878383,3.9665019372108903,0.49197716990479623,2.6484399430232304,14.19864661013496,42.66105674269884,1.1702379379062489,-0.4114345888409645,-0.7596268127439508,1.3601632545253588,1.9335224262929371,2.188053634728005,-3.7825049382881857,-0.9628232045938192,1.6273154238526737,-0.42025531185308124,-0.48023459585937783,-0.5374378553043436,-0.30563993814706125,1.0383277129446138,1.057427933748487,0.9939227258655364,0.22183888535303645,-0.15095776113626258,Vonal_A,1
ITEM_00058,78.90599861323045,5.454008189023574,56.190287970507015,220.8035573771836,36.44818051700572,165.16617565975335,182.2442628820288,60.76752332785344,1353.344639936486,5.35427321407067,1.635040227800967,30.21246717100186,16.850421965881115,48.00451307021624,0.0031393199975129926,-0.13407770154908494,-0.9032409524658714,-1.4899044374540666,-0.44613529953960934,-0.5734838743126887,0.3265956815226393,-0.432329702440172,-0.1664134674065948,-0.4259589865998814,-2.153355477401703,-0.7336597276026157,-0.5322803238389533,0.11741718400376788,1.453888739553235,0.040811013539461004,-0.6976606907918813,-1.1518878334384979,Vonal_B,0
ITEM_00059,62.91694479680338,3.8602167794031557,43.93866988007144,216.12148306345657,33.33897946199917,182.47791530071163,188.88221308894754,61.611612809130676,1266.8974304352591,2.3560407054002614,1.3956715339007664,36.258542194219054,16.262078063140347,38.34596761580222,0.48626591766473,-0.2564588709754118,1.6130258864287659,0.31669139082967296,-0.5290490186408641,1.3474913032800082,0.49008409364708583,-1.0015865576342218,-0.17811533609028804,0.14158142043396318,1.4814996119162163,-0.4109222159890397,1.0162154840009923,1.1955983676716593,0.8019219055024226,-2.1779406174017635,0.9965789733000318,-0.5001680950436443,Vonal_E,0
ITEM_00060,73.97977858798305,3.355753329820834,40.80497718445467,228.2892359035227,56.95699968329136,84.61104225786283,95.02927309065845,58.93923659069635,1489.3442717972118,2.631338196071251,0.688119349738483,7.073881571075571,15.041737908925898,43.580250708976685,0.3653584148051881,0.5593150951757869,2.089135252926981,0.8146700308700116,-0.4850483194579014,0.2967509883597769,-1.288623692049824,0.5873770353953081,0.18710082058124358,-0.8557252229320267,-0.19659411273174535,-0.5200230777481587,1.0983066750373458,1.2853696078003247,-2.0015122484472054,1.8903978959114711,0.7857297744377209,-0.9970766272892869,Vonal_A,1
ITEM_00061,75.07013537277452,2.1085812054385817,27.57280697453882,231.27912376420758,35.35898676998915,82.62680517798864,56.107582382364356,57.69566944858471,1438.2079319018846,2.1363353615460268,0.6164564432608677,5.361231195217853,15.550525870846904,43.908624090505974,0.4894145848624462,-0.5269585090920432,-0.09382859750747684,0.5487790096652532,-0.31714341395731055,-0.9155981747082197,1.5347587748055307,0.2649227018950525,0.21770603823234297,-0.26175072865283694,-0.37943230117842347,1.3343474127119488,1.027581388660907,0.15805104354692637,0.8951771316180099,-0.27500431150199284,-0.059787411739483445,0.8251716854779334,Vonal_E,1
ITEM_00062,79.25381878737008,3.976500359649084,33.415040229235785,237.1743397267561,20.648714598818348,211.6050387153144,162.04801843749948,85.26380684354156,1186.0171932373987,3.213692909377968,1.5939870146576551,34.03282064042901,19.463496112293413,70.0478488922949,0.7929417129850072,0.31603093472957183,-0.3890221109869926,-0.5509089987072987,-1.2134683030448365,0.9213086565144957,0.2721575127564618,-0.6697728482566095,-0.703980367351061,0.32906430690450245,0.1222871400453747,-0.6101019147491563,0.2710753687761928,1.5769277437555662,0.016924055512544608,-0.9100074724440451,0.40120792253589815,-1.2883702782529434,Vonal_A,1
ITEM_00063,68.08454175621318,4.089220658994165,38.4770315977881,204.97358799271885,38.804835182334806,222.10348244190587,185.13508873098147,60.81411973705201,1387.497185075576,3.043786241921605,0.9912484954453143,41.43759862919911,14.637494113598216,43.575658615171406,-0.8828373687696756,-0.30102105351227104,-0.6581211233949039,0.705960141039339,-2.0812291388257673,-0.5344184365971604,-0.5522399596291597,1.076911343967854,1.7384171954804821,-0.16273855047475988,-0.6403857089350298,-0.707568835338479,0.018414515409278645,1.2201995353793267,0.5043763151370162,1.1452041728842075,1.7633831537785785,-1.5496306690238308,Vonal_A,1
ITEM_00064,78.81448538836906,6.169470856938983,24.28203458819464,242.279542385786,30.669479283429805,81.33130057785557,59.55848752742129,41.708676618803715,1786.8493285988395,4.6748548646078945,0.890924247124613,5.6641535169815524,13.287265584459492,33.87296657120242,0.02694148167259231,0.2374420507859102,-0.3700929934374323,0.7033991497534052,-0.007160696862230896,0.8717347181106849,-0.11791831633729648,-0.6532737989873091,1.4463405248077112,-0.12053449854145035,-0.0837893984256777,-1.1740327402056991,0.26382741576169316,-0.2491693960302245,2.1538925422815067,1.3647198059173535,-0.4208066282132645,0.010931042465254882,Vonal_E,0
ITEM_00065,62.42098684669055,3.025967599960789,34.124796721339656,237.06846174733593,53.77952915056632,142.98819129399516,66.76254760326043,56.28477428365476,1391.709582118432,2.5343818900366015,0.6496580497883289,9.795745735085362,17.75257348997033,36.37974068730496,0.6531298936948733,1.385227143891591,1.071860281585826,0.9935924379291582,-0.6397549917034286,1.3982959035046125,-0.6734744156449776,0.951828356130284,1.5387639033210405,-0.860713174234415,0.11678982330205588,1.1457808187273317,-1.9908827023127973,-0.042366746655423844,-0.10897163308106238,-0.3315695584616654,0.35304250201327914,0.24610070681541177,Vonal_E,0
ITEM_00066,92.80726650983048,5.472377302093971,12.280816523917105,249.47169911307492,62.57782519275966,61.259858887099114,47.046424964564125,41.504947990717994,1600.975117992951,5.351027625969453,0.18695785101183585,3.7738010800146116,16.522761000277203,39.33928589406391,0.4259365902202024,-2.276454863492599,-0.5254097288099697,0.3972207735436734,-1.465669595389862,1.3353243112070494,-1.6659524655569098,0.910201419178016,-0.6338670386612295,0.5970803347970908,-1.4534052133268525,-1.1651418697164115,0.7307409128166268,-0.060963535303527425,1.9306033116089651,1.2504598918533605,-0.31662442324619655,-2.042047830526519,Vonal_D,0
ITEM_00067,69.88181688398882,2.8404787361508106,33.795927180901465,219.87406872729784,33.954003282854075,90.09801390106233,170.37478081958588,58.26868471610658,1268.6659207116752,2.1566996260652433,1.0272178300925563,14.748368186430158,17.770127369068454,40.024353945850095,-0.3949687483518136,-2.092806797558591,0.05576131443509971,0.8442644118858891,-1.6413351978166983,0.1679363895663915,0.09961821374674529,0.27368328735945224,-0.2665557297587448,-0.4417496992486351,1.0077348291878527,1.032166448050998,0.4313152102114085,0.8227436756951856,-0.6430308526172615,-0.9331162709778184,0.32166755099664385,-0.22940424204535792,Vonal_D,1
ITEM_00068,80.19860322351447,5.246048309498415,23.753747792948626,231.88889047173532,71.79018003771077,105.23181019967396,42.66894890331842,48.65478561017332,1508.437447809574,5.188095054734019,0.4730216707633025,4.713168922274585,15.68341770646655,39.27919832575468,-0.12924870186248114,-1.5248064976972693,-1.5868181774612473,0.33142158945258565,-0.13685950616180645,-0.17591057150103714,0.6465205919559363,2.0552767494512136,-2.424255678033319,0.8211827384333796,1.0051028516761908,0.5717231746558198,0.5613103059535711,-1.6430454789057685,-0.8159568504938867,0.334774232386074,-1.014556809071147,0.6591187008407672,Vonal_D,1
ITEM_00069,88.38730303913142,5.832928246955441,22.068136756709936,237.950021889324,61.1249353353062,104.21062408155335,66.49058773911739,39.88094160938472,1827.9330432294678,6.6132641508754215,0.40337321382482255,7.264463300748692,12.918253745480857,34.156904946973945,-1.3053608514869657,-0.40310034278065443,0.08651846404632978,0.9194585080160309,-1.1181881476968676,0.13065468556838752,-0.30537733245843207,-0.051061727773755596,-1.1788233087164188,-0.7693396953326631,1.2434360927806747,-1.4683859689451246,-0.49088451552177303,1.2836299804687092,-0.244050053264535,0.2617507497225604,1.4621173683249644,-1.9553743628842308,Vonal_E,1
ITEM_00070,76.60047107750283,4.316143222150374,45.92028913359052,205.367866637614,32.76466689314115,149.03928266051378,88.97136725228205,60.90701485320945,1343.793284538848,3.2029620305507738,1.4781845037225334,12.012096270383175,15.287171991828458,48.22165779608389,-1.0276870626060326,-0.8357965675623915,1.3220100910606152,0.5543944742203892,1.109202194723959,0.7414072574433738,2.332198634573429,-0.2662626090229439,1.0796980285137623,0.24539529204626595,-1.221620936252831,0.565194523750525,-0.041405565373846834,0.43296364304464974,-0.6537328840974658,0.951328717134526,1.1064828218976621,-0.0002996994617084413,Vonal_C,0
ITEM_00071,80.38386968473455,6.035090134392211,16.875562844540134,222.90067073587772,39.77427799370217,99.22073896008885,47.24389898438281,39.831087352835254,1983.7020058520247,4.598017884078319,0.3255604410203976,3.5236871129650686,10.80631147415018,30.735247197157516,-0.809340703568181,0.7401691769211461,0.5907961434880475,-0.3251113354583627,0.41287016606669424,2.055638679267102,1.493894178192864,-0.16961634227993153,-0.03704146222235515,2.547124373053005,-2.6927880809260407,2.587328878122045,-1.2161938822885359,-1.1278697626625132,1.2852088510071202,-1.4568217935632557,1.0817293678724411,1.6063124318295061,Vonal_D,0
ITEM_00072,76.06419328536735,6.052103693320938,21.98056834270906,244.2463739420126,43.4321277429953,88.26539006656724,16.232910190958094,38.66637116869236,1716.9072543969085,4.389379678467778,0.44180995182005617,2.9294895115136836,14.323263343781845,29.736725223713982,-0.5643328420040544,-1.311720153105228,-1.7509030743235474,-0.5457539508586431,0.17326582655539366,-1.1987132727946257,1.836703330637489,-0.6240480638806125,0.8550857348380618,1.8794593801230512,1.1362597012793976,0.70676575579357,0.05920239544915843,0.61606255242624,0.12000122213270592,-0.6924294307515315,-2.559200197986654,-0.07517933900203408,Vonal_D,0
ITEM_00073,67.61980532456266,4.785642252413615,22.418316089393493,243.38921907335694,57.62782122300555,53.24696124465886,36.98893569124816,54.96326433908657,1879.0286189290941,3.3871650858920526,0.44698522854178746,4.890701372766861,12.894656517085634,36.49434157856587,1.107864920375733,-1.3836469335544717,0.507396387772467,-0.5628892695535024,-1.8440902294134036,-0.2759949539285378,0.3406661009540103,1.199990570616619,-0.5251065865595995,-0.07626589565428722,-0.8535454980699974,0.36767597018629616,-1.5502805376054045,0.614072951818761,1.2797773696078834,2.285295477331719,0.281230385628377,-1.8653922234376725,Vonal_C,1
ITEM_00074,88.0986223882203,4.174764326134887,31.68694720461199,229.4999850878379,37.79863343817759,218.5573254987154,175.23572506886472,55.256760148098564,1450.9310951478565,3.2661034749956563,0.8653233614805534,38.79634443207266,15.917578489014018,49.52019779808688,-0.5992052102925,-1.5610101782489574,2.4359983576046607,-0.44789500015754574,-0.7597636815518382,-0.9782378395526583,-1.6642758630870618,0.6331868491913382,-0.055818916748233444,0.23754355913226743,1.0510134740859094,0.5986958410734443,0.5873900132586101,-0.5462551743522509,0.8411441762186191,-1.1672111548974462,0.7772427744588278,0.35160707714720185,Vonal_D,1
ITEM_00075,91.91714781701356,5.377090006898958,15.0614717329412,219.2585470252471,40.13330330442891,86.98504402304155,62.65316528020432,43.87391465631398,1639.7496089061003,4.983242526089158,0.35985745802170416,5.106055561368409,12.874272738712516,40.90578703659644,1.1705558516772925,0.16374020222078878,0.7903972965961417,1.5801887790556741,-0.16977145904330418,1.1707504438984053,-0.844186761716678,0.8656885385189403,0.5247238005485695,0.4780006493805911,-0.958524137708779,1.0793137912964859,-1.012219996711418,0.23968267405867624,1.6842907793395534,1.0781655111756914,0.46856219250279046,0.3326205309483378,Vonal_C,0
ITEM_00076,57.895901168368745,2.7601558568745417,14.992110181969167,239.78949789815593,38.08483454497492,113.02958699389701,126.48703904376298,50.44335167275683,1324.5089788343303,1.9622526823839852,0.46931155640681393,12.395757897483534,17.593352697201524,29.21157946938359,0.4312572383289133,-0.7865643160513501,-0.5051220001773614,1.5325536902776524,2.3760679451007327,1.6325240429453507,0.23909310425818275,0.877485869718047,-0.27891059210461294,-1.6959318077640304,0.6377333490198742,1.0576375722489424,1.986701951114467,0.7693749199691297,-0.4667160943221932,-0.7578132698189757,-0.5118861173288828,-0.04507193101073788,Vonal_E,0
ITEM_00077,51.929164690718494,2.7207979222998997,21.097542782405146,245.13440590119984,47.58021911331894,120.5498401323805,87.51354834003203,69.00465506541231,1392.5174320175615,1.5796191512710422,0.3480481756682316,10.916827306260084,17.726248536337945,35.52474367940418,1.7111400283726204,0.9518962659533091,1.7201280447455474,-2.2063337970801147,-0.9709139532521925,-0.5820042367215733,-0.5926077433944803,1.21219384169077,1.868655257967523,0.8206051622932898,-1.3082032827095058,0.5700326756026404,0.12144300793867924,-0.2846747305569036,-1.6405139518332588,1.9471775266674345,-0.9675128654092233,-0.9604317086692818,Vonal_C,0
ITEM_00078,86.95290872274504,2.4018679815501245,14.973299235168856,215.35179626277474,51.15306149095865,143.27027584517637,56.120893233177206,55.147630857420204,1569.798523670333,2.4311041483935285,0.2126529397758668,6.890991239309496,13.139318090654491,44.135762814227846,0.8833354414884906,0.21364374838243227,0.4471657994479276,0.8534600542814842,-0.915520924122449,-0.48529593620811645,1.3829654761138377,1.2791332038049807,0.31320010370526025,2.156970291340864,2.226981033480966,-0.5259517022296449,0.14722572707999249,0.4614997652160599,0.23727866088229396,1.1100169019023962,0.19035513352534672,0.5023525420928885,Vonal_C,1
ITEM_00079,65.68456211157854,2.2701679917405295,19.86982400496894,230.476647049945,34.121262819259115,98.5417087221011,109.6357744159902,46.018754023126824,1568.3590420484422,1.7535172527937775,0.5460404650606527,9.61363345273707,15.358280182456092,32.53720719238149,0.25957172638239306,-2.504090407557771,-0.5310107446456811,0.19766663473428692,-0.275048204962091,-0.598989412893101,0.2411153460196225,-1.6804061707734619,1.3598935740779678,0.7539774289064656,1.9286848579322349,0.7724409796402356,-2.429294018891114,0.5930026050961013,0.5373012676233176,0.3816192436186176,-1.108120410172012,0.07640579665233459,Vonal_A,1
ITEM_00080,76.27277541204276,3.642648907337924,44.76242489230229,209.81754356356072,24.82674881725972,224.22248153515665,147.64114085519256,82.38482522869266,1257.3421208098446,1.97496779810157,1.8960050479481982,32.91803073758822,16.99639492287347,62.523544903306025,-1.1747930131843995,0.06456508442676155,-0.5545403544911627,0.6781806730715074,1.0452990876209294,-0.9847843202397185,0.009657753015503204,0.32182938584493986,-1.80434632296081,0.7390107540178945,-0.3529362153075455,0.7155020256196588,0.6005873543544363,0.07860531460718088,-0.05902709692917922,0.2430300371394474,0.4992608486069149,1.5393332149634318,Vonal_B,0
ITEM_00081,66.62912324077874,3.083635154410569,13.25588115159761,209.16038707858127,47.01497869689481,117.76870582418461,95.67635883863325,68.47357596688174,1496.0073256500887,2.2905895839977033,0.3357488046761032,9.913059211902524,13.971219856152771,46.64010168556297,0.10157457253794341,0.5319205278354844,0.47944973184533995,0.881105075956608,0.12839110413232663,0.1575468114997918,-1.8390576853869856,-1.789603137219625,-0.866555678783233,-0.8773171399381977,1.0341615014648604,0.812832860911622,-0.5209448740603737,0.3060793668842989,1.292030778102449,-0.7313436990605218,0.5166816106807379,-0.25698716191338017,Vonal_D,0
ITEM_00082,69.27703513415956,2.682743144436271,37.13641870745513,218.49221752891546,58.266468313822784,129.74351507912888,117.54323064903318,51.60744370326097,1385.3297709287672,1.8388712221335286,0.5622585288860731,14.495868544894511,16.822548698690348,34.337642877381924,-2.813591588975287,-0.4082208358864642,-0.7007734533928555,-1.3391770459683003,-0.37967033679198414,-0.45262460821333095,-1.1633004406171374,-1.1404088165863628,0.7698714470041762,-0.31533472210052327,1.2252833438314068,1.1323279327932667,-1.104850689693789,0.06510752986303117,-0.49596822891315845,0.9471324701117504,-1.1171773271379943,0.3131572595181674,Vonal_E,1
ITEM_00083,76.3326926177757,2.790202347111944,38.25925469649766,237.04513934951058,37.584127248440794,141.54686850190396,129.35774468247723,55.191946976034494,1339.2037806693215,1.0259913182316134,1.0999167651058865,14.705784212118528,17.28745570687247,41.72357147020932,-0.2678304032208397,1.9204100010805993,1.1939417498749338,1.184336514093654,1.183430175676759,1.6837678737351864,0.09839804859131644,-0.8652526140919006,0.6880614637555381,-0.25761007952004394,0.75171883151266,-1.5485447124508396,0.3017003926385756,-0.7329059107289567,-0.9263871073321337,-0.4461724622950113,-2.005387203629111,0.7544071548194908,Vonal_C,1
ITEM_00084,65.43345625080495,3.6638696737553467,49.04693701200423,232.630303248144,47.07334887763633,109.07024759847152,111.00887465878995,48.497968000117304,1636.2188609026562,2.2161626137337906,1.0313627597656514,11.612886495536742,13.463994863844736,29.848102969227917,0.0709182724788434,0.14224792871674397,-0.2763236871028159,0.843034265763973,0.7222842900238455,-0.21095471215885456,0.6209931796258479,-0.5370736647698592,-0.016400265772751575,0.5322250204494675,-1.297849499142663,1.0796951091750502,0.5542823963881729,-0.32074103417035016,1.9813779137491219,-2.71729709138815,-0.791449033453536,0.08671173442780726,Vonal_C,0
ITEM_00085,86.29199411151409,6.454887407532251,16.18582440590521,246.69328324912323,53.575187297587114,29.152061478356245,116.38258714898484,55.28936642472503,1869.4295742312627,5.229918151968142,0.3304258098387911,3.8515058962857225,12.71250070475916,50.365235431558,-0.586082699168886,-0.48296330309003754,-1.97480113667761,1.5376330314458035,0.6190421999931104,0.35770125470311626,-0.6063410801656668,-0.20025204460229956,1.8934516425423311,-1.6191142242861216,-0.4179765103734202,1.1882893286147231,-0.4622057029896005,0.5539734416792942,-0.5233775089101329,0.8769065966703314,-1.0639714051338303,0.20017018327732575,Vonal_D,1
ITEM_00086,68.07609989723179,2.9822572962369156,34.93524925484767,229.11002572033655,55.06082024050377,103.63735314173715,78.59051310492447,58.81166072123916,1601.488274773701,2.246510925178774,0.6455514365920811,9.10854844538118,14.002094758279986,42.79292503159225,2.0291200356872174,0.7664018847753991,0.3887521732806556,1.4489110874457507,-0.5956416721469755,-0.4019489017056535,-0.2178191354689816,-0.8823951634096523,1.6110829375600804,0.3765217484178294,0.2754387521384858,0.5969662504242206,0.06643736968435907,0.5530897105523098,-0.28853830910597467,0.8625543757470514,-0.008703839154501035,1.094669844946186,Vonal_B,1
ITEM_00087,59.18261474418964,2.496722330658561,39.44050950763531,237.1041963300773,33.645593051045545,119.25953386679362,75.2070746781742,47.940462023229934,1498.9093745211421,1.6058583364349677,1.1336002720240153,9.573215135200607,15.296584926034482,28.24889802656165,-0.6117326551283804,0.42603872845245655,-0.5753069305664632,-0.48409944682644485,-0.5138473618112536,-0.47756206331855583,0.04093489516810235,0.93460506501333,-0.7094363964950009,-0.6443152797693151,0.24764959082364524,0.560498456343067,-1.6069484964559315,-0.005108452601459801,-0.9685285422977955,-0.6205057954406438,-0.31525612942388764,-0.3068342072490236,Vonal_B,0
ITEM_00088,74.30155488057356,4.030513829216566,48.93232322880998,208.2688828099507,36.663464076148095,178.36715393118124,127.75972063480641,56.23766302632362,908.9078447483959,2.258511070323497,1.4234928395076654,24.64609992355349,22.745331157051176,40.233716060732796,1.8673809598623314,-0.424781366784294,-1.5147974277468694,1.1505742537858765,0.6206885689297755,0.08117509554141024,-0.47019728682272055,0.08686108317481865,0.18258692771349727,0.7851495271879522,0.9779846869474432,-1.247710650220487,0.5564720092624154,0.041586256350101124,0.43630989803581083,0.31477275524783027,0.27547927492265106,1.0489642090108278,Vonal_E,0
ITEM_00089,70.31964780618361,3.835085328157204,47.44019499322649,223.01567672559258,25.164924969246428,255.0438505907008,108.39470038687065,77.47369301789416,1720.8040937478593,3.0998613081409645,1.8694895352180687,26.507658311876185,13.75129170149433,53.32752666925472,0.6744640876203554,0.3876683625196641,-0.46189913896499357,-1.0076320137886063,-0.8159728817830151,1.1632903899082323,1.3263844022332534,-0.3263212313683494,0.35630360045123494,-0.49724379027088383,0.7500528708561295,-0.1814009300502145,-0.07492067889965943,0.4954011716794377,-0.6480269704987095,0.7031302864245401,0.9815388600641377,-1.099309999792161,Vonal_A,1
ITEM_00090,63.509529068862435,4.828778539889458,45.401937374983355,216.1960608648488,32.598446815921506,202.3904320125251,107.30007537426195,80.9115370259646,842.6603364925204,2.996956235059248,1.4434341381611542,22.948166000023278,25.99143328188016,47.46495797294798,1.8646957853711037,1.1218982523242564,0.5773640927899788,-0.8651499380793511,1.1512789595472452,-2.260421940008793,-0.1348721438692993,1.0899596985053595,-1.098228244879467,-1.530179173818231,-0.4134054325496846,1.0146188833130574,0.17219297936526093,-0.5682415901165434,2.2668118614480526,0.16790564549900588,0.00341110552644915,-0.7948094985436202,Vonal_D,0
ITEM_00091,81.94025813659023,5.375420290404952,17.729337642676644,252.13433342961545,34.15973268150971,104.79176093496457,69.60688859738163,49.288878146038805,1667.890962020181,4.401901697049838,0.6091113302655522,7.586240371601581,15.45261461887197,38.38520071559901,0.6125978333511936,-0.6630987512170646,-0.6356496255711097,0.2139355342397045,0.8091010791800126,-1.1531708889036336,-0.7144437996793729,-0.16453901085201725,0.4530019403199662,0.03312408517383055,-2.7200144193325673,-0.687330535598801,0.05812137724792078,0.3478433382093832,0.8736651964153093,0.8594681720318122,-0.7143998153870439,-0.4451619215817697,Vonal_E,0
ITEM_00092,79.88474273749543,4.011205841509178,42.734049469517664,204.30949868119686,37.72227710338721,138.97564541147233,124.88064098870811,85.98900690083099,1069.2346661486883,3.8118481064594043,1.1231985426291082,18.218718345977084,17.83006321690849,66.75942217768196,-1.6986894767309402,0.24744839872912577,-0.20454213786011008,-0.6742571783441174,0.14094702490850142,-0.5225542779379339,0.6231765674514579,0.15783006504530575,0.50598476336059,-1.401933805853464,-1.2234964740429184,-0.1644044773436653,0.786017843212789,-0.22176597403077064,-0.6971071726245277,-1.1926360155333522,-0.7416563802525398,-0.11144649662982452,Vonal_D,0
ITEM_00093,78.29337067597659,6.045442959378649,27.233491482121185,233.1838295983062,48.0116058577832,54.19403876056711,60.30129223825431,49.19193235526118,1610.2900102445308,4.676870229877728,0.5684778595929425,4.737887134940819,14.973159602294833,38.69874791606493,0.16893420427261563,1.8955755823395979,-0.49868329310765297,-0.6250793954468912,-1.8805359628243057,-0.8161715872071859,-0.5990544735265277,0.9908064959202001,0.5950507228154052,0.17731361042687618,2.1928505462592653,-0.28406601650121643,0.9195215591752551,-0.6900940451318698,-0.12638970198303087,0.5076916547495834,0.20664768379869378,-1.4416270911339775,Vonal_A,0
ITEM_00094,68.4267493528058,3.0818370011101823,24.574931389934704,226.02375356879236,57.9852534927144,125.76263443151917,81.46613423886951,54.26400859222776,1439.5901660696027,2.1830256316908048,0.3994299103065126,11.002034345745981,15.382164708228192,39.2885165232288,-0.49908558294428035,-0.4220596009301221,0.4355829658118209,0.5711927548314217,-1.3184689866009487,0.0370402592385986,-0.8006512244486669,-0.7008360042279115,-0.9251517752007197,0.035983326214166125,-0.26446566761689333,1.821088584814378,0.8110981878741557,1.1508968672828102,1.3125300991323672,0.8997076260964021,-0.9762566233004953,-0.283789681325721,Vonal_D,0
ITEM_00095,70.895156203705,4.017895699957301,45.330084011910635,246.13294453816377,43.77628065244572,152.3482472519889,204.25075688579983,71.30437784501588,1269.500554310836,2.539466714579243,0.9132383366788643,30.722351953715357,19.244735196132453,48.69430129229515,-1.2391968821869384,1.1412430772195026,1.2285823557585545,-0.4746521923250284,0.6691361344512823,-0.16843671696624327,0.3283322617134544,-1.4467172142506564,-0.4173820508090116,-0.4524126275654579,-0.3353179478715389,-0.606162118812551,-0.17853650857070016,1.1427486189697735,-0.20121966509060146,-0.13816170282496254,0.12055525987449103,0.08362186758076562,Vonal_C,1
ITEM_00096,80.90986627186071,5.71515155743617,17.11240022515722,234.66976296419998,51.4871942419593,87.57952920748761,77.23079330607825,48.00219091595943,1799.3153697922253,5.754690978478747,0.3838669717863325,5.020188538621926,13.06095439368318,40.65007112759783,-0.6758160974538591,-0.647049401352282,-0.20511314407116962,-0.38558519562128196,0.03821292144722045,-0.35025405681482136,0.23627375458099084,-1.0891700902101173,0.13509090027339812,0.07810886692480074,-0.4670756397587291,0.08744562584206342,-0.13244167602874424,-0.8132827975794542,-0.9435296914465028,1.459032667353922,-0.9976133556797495,1.8633151668119692,Vonal_C,0
ITEM_00097,70.71275933456438,4.256888964902678,58.654666034113816,205.64172616657044,25.68066538059505,186.95247569458778,139.77048077893122,62.054397755511694,969.6710233464372,2.8645028469630196,2.201164439963133,26.452308460931565,21.51639596676502,41.52317140079211,0.7955980147447116,0.1813769990620847,1.2237031864672272,2.0490043970502287,-0.8056606313523715,-0.529501783027105,0.31132222806697457,-0.8937837127966434,-0.1928847411248987,-1.4434183542703598,-0.3598015272756789,1.388465328122511,-0.765780001066915,2.3815693001881377,1.2436411565198497,1.3010444233921068,-1.1208126421997822,0.7168769144284817,Vonal_C,0
ITEM_00098,72.9742539039091,2.5081459929730636,30.02341430246549,217.29674967113246,45.04288388753392,160.6136739900129,160.5946730620886,64.41650360763902,1182.5699000316963,1.1412736514531021,0.6942442242981627,24.148699491728678,19.663858047804194,49.9243154054324,0.3853170368090138,-0.6134972359063362,0.8955706446083079,1.1718036704980304,-0.47014800609891194,-0.6954341724807301,0.2653192968255853,0.16485475721991824,0.9953361553239115,1.6073227241334724,1.2643455178603271,1.700428425340934,-2.825085734488416,0.014745152432779369,1.4448491861886898,-0.4707900830125064,-0.8891379632094715,-0.285892866331081,Vonal_C,1
ITEM_00099,67.05751527725188,3.120209309857571,21.385441439654695,215.7376090517495,51.08368685121734,109.09655631688027,83.13149090714498,56.169661582981526,1596.2677049935278,1.6270760812758651,0.2647181046977254,9.956863052877356,13.863203166527652,36.87992770331645,0.38711893916412926,0.48637729800552665,0.808291188334403,-0.559118492092801,1.3254271576568288,0.03697334426034878,0.37445611676468193,-0.5484569304491954,-0.3854009099115238,0.5181438366788511,0.7348445277965568,-1.1537536542665485,0.15542009012459782,0.5665736777800652,-0.3509699069313685,-0.23523055926345413,-0.49145939211492173,0.738041377861878,Vonal_C,0
ITEM_00100,82.64618822134649,5.138790429187806,23.057335478045683,237.80337728330466,56.325693405906584,62.46243413128329,68.30069942911724,52.30710670757692,1727.628699372106,3.557592569396757,0.3613855482540662,5.32147830451637,13.497046596178091,45.26878570459325,0.10857244421191493,-2.0976619417838496,0.4465905121679694,0.1916001732546411,-1.5974284185498044,-1.5173595899368626,-0.9026201393219545,1.1746165355370568,-1.439086447643456,-0.19906817110953956,2.0667807578365895,0.38317251033590943,0.6294663563186167,0.6498001428426519,0.4252119204745605,-0.3312836672300277,-0.055820402758212366,0.6072772241322711,Vonal_A,1
ITEM_00101,76.05382340931465,3.0068564901079196,21.569818070289493,240.91261268107803,41.49822215095514,101.85599706515634,96.39271851228521,54.97501904185029,1662.5191291496808,2.434832243556745,0.4033282129530801,11.21041100582206,14.444899397628154,41.17652633563201,2.170257164307399,0.19540541273795883,0.46233917256259727,-0.34755139571316007,0.6112677901193678,0.35957265142578493,0.010953332481579574,-0.712675386882834,0.20562641398433917,-1.47284349995515,-0.12600030091089615,-0.6419959830104268,-0.98829415668546,-1.83933221700969,0.7975450345819337,1.4311708212284684,-0.32685376962209284,2.056416040602489,Vonal_D,1
ITEM_00102,70.81010683818106,3.9429042321464967,35.092436818871455,218.4126679635147,38.56768790690936,146.28701282476396,121.54141390888444,61.57132328464157,1692.9737521507518,2.65725119983105,0.953638324268555,17.425266954709635,12.601550768465572,44.033761673794785,-0.6694443548562897,2.243894251131414,0.18680486343158442,-0.8438594513877342,0.7408035920518902,-0.153259570939356,0.7291760779621629,0.610944669719541,1.8757790216974344,-0.7305679664979259,0.04956686375884257,-1.267522122732222,-0.5338384102227967,0.5572685843076327,1.0583580352094828,-0.030673287153762042,0.03420948872790693,0.6700568309651357,Vonal_E,0
ITEM_00103,78.98074811134036,4.242109217635061,48.826160703603975,210.6686558167334,31.148990090844514,230.08261625074616,130.27744040896,61.624516749762,1036.9947944971327,2.9292633242392143,1.7128589330177437,29.300496350270866,20.66850754313366,51.82506610430758,0.0389509786767968,0.6870141525500262,0.15158730587456928,0.44295553404140686,0.19381910928109797,1.1228900059514675,0.11280180708185715,-0.4444174473197503,-1.745778180768608,1.504940975251206,-0.1330667697450839,1.0494518475062555,-0.16496692518421568,0.16150939268551892,1.482958096747353,-0.32001500251156667,1.4186350416578122,-0.7989885666255861,Vonal_D,1
ITEM_00104,92.39965394744752,5.074311066406189,22.889265242541388,215.01927523826595,59.59217808638295,69.52295479304018,51.683558022705554,53.5526226451489,1693.6411361108876,5.054961756490901,0.340855862942754,3.1419803399481854,12.892643675518231,47.23124605167368,0.2785806964254653,-0.46011084594432466,2.0154009973272538,1.548895413294323,0.5360298649428746,-0.05630732603382267,-0.44310407284210707,1.0557432259861594,-0.7372488332387475,-0.8682971411631037,-0.25347493982954844,0.26739085327816625,0.4464201933253536,0.46173322369792075,0.08365662421541459,0.5722938002029152,-1.9392634755142941,0.7513353473989927,Vonal_B,0
ITEM_00105,70.35321022738125,2.645653660313677,28.43535083915578,215.50544785312456,26.667244248423756,133.1117132604278,56.218777787625804,58.4608961559177,1525.6344148459548,2.2629270809086655,1.0205392382259504,6.112333564586618,13.862919076563214,38.44241223881033,1.3861237505921487,-1.0203498667760118,-0.8101159131865002,0.7260517096484054,0.025003810744917945,0.32696570748450565,-0.5932207668596234,0.4862333285442695,-0.04102237296187567,-0.2385338146883616,-0.6463501826468736,1.8659437733781914,-0.07496490665211833,-0.29952475476046014,-1.407848895159527,-0.11348432881502077,0.7562786816424233,0.16740663588389132,Vonal_B,1
ITEM_00106,80.09457097332867,4.241528689132396,53.052193894629895,209.37075324361322,52.77134903328697,209.9085671986006,159.88227142267593,75.0382082989432,1052.2358643458954,3.3937055572725545,0.8690151551993551,33.22612477698073,19.850005466396734,58.49281524321352,-0.8679977149088922,1.158174978367786,-0.2704313950923073,-1.029370097600109,0.4487035278226542,1.0196726665654932,-0.5141829753945405,1.1387631167254697,0.06871263365941967,-1.3237625997636535,-0.31812897992984857,-0.17792343296235488,-1.1669233443444957,-1.0773134339570039,-2.0864381840359005,-0.788026708394255,-1.2621022175936416,0.7021892556784383,Vonal_A,1
ITEM_00107,72.10711508143217,3.2290941985159405,43.28914459205051,206.72315521537962,39.346907535750326,156.35088033413274,150.66986018854405,76.60675635654516,1017.6581911226098,2.2116769365483377,1.0401133958888436,21.766351977058527,19.756254768388892,57.729740975785006,0.33920055682143296,2.1397446571517507,1.8347036811240944,-0.8364892612774658,-0.644038676635252,-0.25107912536072347,-2.4162423859265076,-0.4951164481032928,-0.014319102299131692,0.38609641548242457,-0.8841887931370346,1.6064587678064122,1.6877259943046978,-1.1811702168611522,-0.21532801053489445,-0.20875766143905247,-1.5814179726881017,-0.9643720242080956,Vonal_C,0
ITEM_00108,81.71346287704529,6.028773411190765,10.44328119984909,239.32425434131062,51.60890237417978,104.32961522574956,88.96890230230696,49.40665794044749,1531.3349281393403,5.048317008828748,0.31840603212833607,8.616357113343504,15.415978474071297,38.666982364888824,0.29089055006844705,-1.5983192169142832,0.18348790884405983,2.0801876818908407,0.6029264733523196,-0.4069877972094746,0.2888417766463983,-1.4382970259309855,1.5066363372129121,-0.001213922989708108,-1.074576174659738,1.1924576357370091,-1.0386910764394477,-1.4447886618192987,0.7688596938510687,-1.0072155116109809,-1.3101037621418359,-0.21300826653162305,Vonal_B,1
ITEM_00109,60.193218719966644,2.6679548482635416,23.437042486339127,243.37051038904087,44.958893744996985,115.04753470000216,91.92164967027895,45.75622937082751,1591.8783794886979,1.3470034980778591,0.37606867160446256,9.993181948702539,15.28556862144294,25.006100387544652,-0.11699904989143234,-1.0405024570823507,-1.0417423363994354,-0.37235200368786275,2.0961175045683977,0.23018102429923873,0.31482495402327815,0.5765363276226766,1.8469870146939584,1.0277117519872292,0.9461620352657736,-0.5192155082141791,0.305669532618135,1.015444690920466,0.3599126615003828,-0.5108805105357656,-0.7695372226250027,-0.996512832182503,Vonal_D,1
ITEM_00110,62.67615995753549,3.097985693538966,24.374471684140314,208.41342194000305,28.953483998466332,106.77613199532574,86.5402180482351,50.71827306675202,1208.3127185959847,1.19528376596431,1.049906268128173,8.42374169315548,17.247283958497864,30.543806346807926,1.7476492521749152,0.16784817117935116,-2.0440979175197977,-0.4733688849814644,-0.6267037178247191,0.16045917133351886,-1.092119486757549,-2.0704238654559965,0.16504986409783615,-2.5003831997221853,-1.0914297282009426,0.7920033217668555,-0.07367848477288425,1.1874327379870855,-0.08123319170356617,-0.7766562786424068,0.7773267015066486,0.3587737857590535,Vonal_E,0
ITEM_00111,76.57018558576677,3.2131336811519686,23.12857800488792,226.70525255494132,44.694066103686126,116.37105291964109,90.31263740923973,48.47495407116774,1491.7332638989467,2.2178869555542144,0.4376536886196458,9.994322259336855,15.027377676591778,38.64708164432586,1.526158720778506,-2.2025954927192153,-0.1968187007229248,0.443098896856622,0.17735228792272192,1.0420355183667027,-0.9164216917491901,-0.26908054530623976,1.2968075585628218,-0.9513133476140607,0.2361618135951112,0.3169905337341222,-0.1362524186935022,-0.8936880059027202,1.451575786623354,1.8309585603802332,-0.549234644251784,-1.160283383855691,Vonal_B,1
ITEM_00112,79.28569769502629,4.576560833432638,49.6704464900351,213.2431266423387,42.1500330021922,224.95985420187276,188.60867166906064,61.31155215672065,1289.4548046315902,4.055818068595301,1.417478585072357,42.03040751347719,16.06025491276371,48.54545563425654,-0.35587998319434205,0.5725993456800699,1.3967584966838311,-0.8379809783973058,0.48060686035462774,-2.0683623950370684,-0.5651859123352826,0.4319326201448207,-1.185508509608452,-0.5344315851750484,-1.5869922007126493,-0.3805289057609491,-0.048965802771335394,-0.47680248758579463,-0.787297890349416,1.3700365033243314,1.8303861841010454,-0.016030694100726498,Vonal_B,0
ITEM_00113,55.058894709113076,3.0391297465181206,33.188698417813605,218.24789065438685,48.489358889093296,54.85853229515176,114.57076478591144,60.1597699331773,1240.8699193099735,1.2317939039171573,0.5312314006991683,5.704664616732865,17.586362974214474,32.59986834744385,-1.0082627637665116,0.30796606547275873,0.2592448889020951,-1.6040931853883047,0.15009894019982253,0.6802368245101474,0.42863335480387177,0.4546015471469608,0.8985311568594233,0.10998799689684219,-0.27954923331350884,-0.7533052576063911,-0.5347844782816915,0.0019046987250238366,0.2540796822665778,-0.0626471524850692,0.6990028938804265,-2.427527080367827,Vonal_A,0
ITEM_00114,61.87944538319347,1.5829837875683095,19.3170509430758,210.07513187179816,28.574993687030144,189.21634865014732,118.26450171099832,62.9512514351478,1202.5056161192897,0.5658132236537811,0.6876043741955695,21.99821284445657,17.605609007642084,37.596722254623664,-0.31151846724726406,1.0120240892019658,-1.0841142236769992,-0.5780708436037697,0.9739142682070738,-0.05470626799526166,1.754841204654214,0.729207714578981,-0.20975900684827395,-0.01748469054734616,-1.1810103782063643,-0.686275314935139,-2.577539025159946,1.1940693539699394,1.2432629777895,-0.8701287769492397,-0.14541796267304904,0.8939742223465489,Vonal_A,1
ITEM_00115,67.48490681767282,4.107638803650562,48.16895527290654,231.80290201529328,30.818915154611297,207.47354717888587,214.66631459610502,76.36639496396731,1125.7080815074085,2.3556305023047623,1.5389089336873685,43.33372256548291,20.72348466066769,53.38165506773175,-0.4747613803764639,-0.8141387890104849,-1.7413133136424872,-0.9481309196942893,0.3272702005826824,-0.5290700022460963,-0.48003913511412855,1.1757799059767367,0.5911110729008515,0.9817524025652492,0.3211850110218319,1.2246948807183455,1.4727627624358024,0.32147072736425536,1.0752681677797487,-1.1455766007195216,0.6261896646527138,0.8867099112637974,Vonal_B,1
ITEM_00116,78.6792858050963,3.742652653797135,23.726502458360276,234.0042419048183,42.29791924234443,142.35682988986554,66.96353970824114,60.55258051435959,1699.9490197946789,3.124839230649873,0.29355680101600085,8.078986341793692,13.874467207231922,46.17716758022156,0.6242191589365721,2.0112340246263356,-0.901587387764312,-0.01419414325645753,-0.5229211816354654,0.3796470747687467,-1.0075441384333894,-1.102119797463026,1.6908036004245537,0.532534524288449,-0.5642418263339769,-0.44354856910136203,-0.8173304888642863,-0.8455629977407606,-0.8787544302642627,1.2132530180389145,-0.13746752914608984,2.3838769237055226,Vonal_C,1
ITEM_00117,90.59621007265046,5.10295046315284,18.772950098083033,244.53430633872242,40.60194294593188,87.24498577374426,51.37592074062774,45.85824507657552,2013.7638727820854,5.325988487393415,0.48019608046641465,4.981218100324781,11.869139302276091,43.96517841467468,-0.5468127801377722,-0.07256190832318797,-0.5897510769080043,0.9398095275837052,1.4136795253541923,-0.38778563898771623,-0.5528850155460321,-0.49677337515580455,0.7824429342205735,0.04344613904533883,-0.8610531147522702,-0.4390251909071902,1.0050501113448347,1.0248992160651613,0.5422786274524207,-0.46538348916494676,0.42434850507593114,-1.1260214561127544,Vonal_E,0
ITEM_00118,64.84428742576046,2.7477864248044446,25.1082637467822,225.25190999426303,46.292420455084944,100.82262307856152,120.34292718703048,55.4061932555424,1390.535473338012,1.8349380480988373,0.7156331366994134,13.52194181860564,16.82947980388162,35.13799252025905,0.47297799319888423,-0.28400382724801315,1.8345979378417578,-0.3456334359022468,-2.2220407505876594,0.8320517323645851,-1.4933100145797331,0.4592531875956051,-0.3035258353868592,0.09546595943887694,-0.8131763964291352,-0.09033558958431467,-0.734463075002874,0.770674052855293,0.7702227613633902,0.7245085126812166,0.47455222022528804,0.6107017673558841,Vonal_D,1
ITEM_00119,68.33934168697704,3.6232158891515427,56.17806060777707,223.8991148892039,30.479271920824218,104.01835320672635,97.12166329248359,52.16845158854875,1366.9692572056615,2.499287361896832,1.675281633073856,10.545595267181305,15.56113783036236,35.10010660655248,0.8884605471628979,0.31667672058971086,0.4172394343778307,1.011848855799246,-0.8036030707531151,-0.06626054510201522,1.363136254405789,-0.6002913050180213,0.3695718560682499,-0.035619822341701385,0.510705347980587,0.046484655241366434,-0.8492001098125347,-0.9613021275050176,0.4743833021542593,0.07194503741616366,-1.0376420583154689,0.17825726986945664,Vonal_B,0
ITEM_00120,70.61813685945634,4.145167336917319,46.04939676555877,211.03598397607027,34.8063472899611,231.18510567788482,146.86437709874568,80.51670172308805,992.3130938710303,3.228351373784817,1.0648148569939155,32.8969632281317,21.419398919779653,57.01128983851739,0.24127763456783047,0.4433657566376936,-0.4508476891324866,-0.5266350617112712,0.6380650848652754,-1.202068090452167,-2.0349562452728396,-1.1357598937906224,0.601522436388789,-2.5096602778566655,0.3200844877508367,0.9528660472564857,1.6399002308335286,-0.7406238527520326,-2.1970090960686974,0.4407981352982726,0.4210861520310833,0.9676211013398951,Vonal_E,1
ITEM_00121,49.15886646000577,2.173359750484875,31.77124954864188,217.96084214628496,38.878554834767534,148.13726628596598,74.53282429547534,43.30259002514878,1362.6891264295307,1.2894964279475578,0.7699168359945125,11.34934979405164,15.733260452783828,19.667556535146836,0.03571098804457362,-2.761360667089297,-0.28571604551750973,0.7726047151974023,0.17998529100809155,-0.3077224539845874,-1.3133114460072066,-2.135268148729023,-1.046882537675776,0.32802589146376115,0.11243683626835432,0.4207689188496562,1.3286601277819943,1.324527042082819,0.13301587872082132,0.8063971899938638,-2.0539024059531883,-0.12621246616538176,Vonal_A,1
ITEM_00122,72.04560711868405,3.8519772217553823,49.23255364511847,198.2023703765069,21.497329926393277,227.05328853286431,223.01140445797876,63.51961747112232,959.0885816159094,3.6129473886304493,2.3071788980303913,51.1465649339282,20.099264225930806,44.78612618702628,0.9541059094438828,-0.6504242105787382,1.1983889040701106,2.135629722666831,-0.32744280757973626,0.11502999148451323,1.0747044735537625,-1.665327961074155,0.08005190386120613,-0.2343975884268804,1.4882842103218075,-0.9084365100904069,-0.1177319412265732,-0.67800009435241,-1.277335671852701,2.4953015084934558,0.18371535767444352,-0.9838595417086482,Vonal_E,0
ITEM_00123,68.83374618075675,5.196966887631621,45.3167232750672,229.2278914343688,37.203109278186666,192.5776719210262,161.21020546018028,84.63636705262932,1231.8486187217745,3.389202523180239,1.2277295018358523,31.951670154064985,19.057214163441287,58.62317068184479,1.4493131841350362,0.32117024908414815,-0.30268310169688106,0.9425185598237067,0.3247670974807493,-0.2569293952111405,-1.3239505276513521,0.05885432357458923,0.11768273835213958,2.664860075754671,-0.6941624917646585,2.2801873392714,0.2330330764156104,-1.4148086593228617,1.363480536254075,-0.5797558962069093,-0.49291038841908374,1.0987352090740397,Vonal_A,0
ITEM_00124,68.21959551209216,5.2621639571629775,7.734812840679822,220.78959326599917,60.68621367599034,64.14824168270309,100.66613933019619,45.75071910117785,1612.1518874388803,4.180584378281874,0.096595868548899,6.524703015969725,14.391183274412205,29.436318706842,-0.10811489698834505,-0.09060066283979265,-0.9138514997862629,1.5870787984264976,-1.141923115709578,-1.685546644682858,-0.3665958914900058,0.7506631810737486,0.6771986916341102,0.49592274823493376,-0.29420417988989356,0.7788900005806522,-1.2817821121856685,0.3478882579233987,-0.7651655200989153,-0.7510000781967273,-1.9391915090630922,-1.527617129274484,Vonal_A,1
ITEM_00125,78.64833720054722,4.426007383827244,41.01902683333049,214.5299245338826,40.97011868421775,205.65071647061066,160.25983720833273,65.68981384273422,1148.3981635312582,3.427139620754005,1.1193698734344701,34.69334087282465,18.13507068771967,50.94189362709815,-0.12426755363486007,0.09604760938129174,1.265809701716956,-0.2378612618931802,0.742141354583063,-2.006070220704826,0.30193207885125595,0.44089132668123593,-0.5299954883480612,-1.4888068203116733,-0.8880642246771898,-0.4193741488192517,0.3504388633485683,-0.6719208144924874,0.5298328926666117,0.0766701784668758,0.48580228839771356,-0.46678327141355236,Vonal_C,0
ITEM_00126,58.34849500495227,1.9521913049520607,27.713589851709763,218.49537092242113,28.458278098049888,137.1899446712918,69.11037288965575,51.008235002486494,1350.798112110539,1.2694164194940813,1.0665303984623058,9.475045469919628,15.439259205915072,30.610059295521843,1.5704161412882476,0.9609823375551652,0.7356865155997244,-1.2931094579066735,0.02325655261003364,0.07552154873706844,-0.34548127603894985,-0.4582035211166247,-0.5329830383890134,0.8572239728774074,0.7523478005002726,0.7688211921602282,-0.3153836240860653,-1.3489055099920475,1.6452184897960767,-0.4294396166626679,-0.5102036582831146,1.5367303460561519,Vonal_A,1
ITEM_00127,87.3834717843852,5.185289888486137,25.886519215422396,230.99864705846264,48.28331445159195,75.06659913584812,83.56776487419089,48.99845550854864,1850.2081321486653,5.1202335422506735,0.6455989945433481,6.564631340554998,12.07361814155804,41.25781303690476,1.2670996083562729,-0.4518124729166177,1.4312351919025443,-1.1906502590463441,0.1404220591822699,0.16487248366573096,1.0690541156017832,0.007815845677808816,0.18415341957040526,-0.006890098784697159,0.6752058474319838,-0.3385520995522667,-1.015794923416227,0.5233996136450136,-0.46611501465063443,0.3096117504646019,-2.5193881050727707,1.0141535754896376,Vonal_B,1
ITEM_00128,70.60724555273221,4.66025668864505,29.20883381653454,238.9261336608289,63.79497984504725,55.785174655657855,42.80153816263285,47.613436781701694,1756.7766887100825,2.6216213555362264,0.481306513611517,1.7359408466333295,13.600827298182201,34.56523551669327,-0.2797495149180953,-1.3608700196912964,-1.8082448935389452,-0.016420787842378503,0.8912880492973846,-0.7369695189637545,-0.11025245553821365,-0.2969740109209877,0.5598805272641618,-0.5425627562758765,1.7907273138013062,0.38613013682298775,1.0728672079453436,-0.1310020633294736,0.22394666306633282,-0.6478433072457859,0.18257128949518928,0.44580198878837096,Vonal_E,1
ITEM_00129,58.58081403820488,3.326806516091823,33.72810269644145,237.49560944968624,25.29677310970604,112.52618587916294,151.5489514905091,62.495524280415715,1270.413289719491,2.433562765664284,1.398904454141528,16.182369660549323,18.09331411127184,40.131488820922605,-0.344869608907556,-0.561416800686059,-0.6861655299742607,0.286944444685151,0.30096364113051943,0.9854340622476897,0.45363206943797973,-0.7246500250229146,-0.1891591626438301,-0.3823879759748836,-0.20474272142510141,-2.1080415333568383,0.4486405978101102,0.06048648413155744,1.305924966607156,-0.027346474905714093,-0.3339690920133451,0.5440244593770835,Vonal_A,0
ITEM_00130,69.74075623004514,3.416979395765453,45.29071693991095,224.00803169885572,39.67365634138774,108.75146797158202,92.65022575666815,62.17108331768024,1464.3294839539587,2.508160269743035,1.021333606956578,9.888406772983583,15.645228631717588,43.342140402500306,-1.5262531039177254,0.34226713862195646,-1.685774096933496,0.818184443897989,0.12289565606619328,0.5027755735479262,1.300781840068807,1.3961333817432193,0.5256729714411611,0.6756104115579573,0.6255187948355918,-0.8720080414678467,-0.9691485856749312,0.7733733771644138,-0.6685062439059544,-0.8246806876756195,1.706022344728447,-0.910143874966,Vonal_B,1
ITEM_00131,90.23026976210498,5.69079260304725,26.006652277277094,227.96013875434357,44.18312870254259,37.768727784020655,110.8677309863535,35.400338705790126,1815.0527924616117,5.272301080135656,0.6353724181856915,3.7811606808350966,12.755678372288678,33.69026578696854,-0.09172538313956365,-0.7793899359013869,-0.3530523394016508,0.8685432624474674,0.29970677064142986,-2.3833761073900805,1.0869512066264555,-0.6778386065345718,-0.37150793199399357,-0.044779819921743055,-2.039147907319106,0.04800361602833574,-0.1265450583436707,-0.1686429581061722,-0.594399994859499,-0.5495812431869772,-1.4121217938989878,-0.18400055935208318,Vonal_C,1
ITEM_00132,76.47996770707549,5.861709291627186,21.929539598417765,236.56708313195205,58.19218243948235,106.93858926763387,46.9636789165815,55.341364070214695,1743.5608281797672,4.564036730663552,0.29094343532035105,6.115719313966549,13.77371071539564,44.64552953000326,-0.6065353830760176,0.1025883694242898,0.2664938372524438,-0.8958662991729099,-0.1353908256842946,-0.9044727998926885,-1.1005877974666434,0.6386701645800925,0.48442473287024057,0.8168279633007982,-1.9727753534451662,0.849258919484302,-0.06579704870723209,-0.7539938214556418,1.9697889790030307,-0.21618037658523603,0.8471376979336692,-0.8673194121986697,Vonal_A,1
ITEM_00133,60.89934145093717,3.190960060508657,31.9961638345034,221.0641579054912,40.33993017238627,120.20268427843062,66.07210640448722,59.79795132474899,1238.489719801498,1.343016410441773,0.6575705869653843,6.240194478199326,18.13600413805404,39.885944577438345,0.37829670446846725,0.288159344024776,-0.1358610095669526,-0.36591853099885546,0.5599571649013122,-0.5806182923334244,-0.5213912099834407,-0.8826407349199829,0.5149383443347213,1.356137806863279,-1.2172150701302753,-1.2561851006284313,1.8097489462633116,-0.38614065826707783,0.3211275492938682,-1.2823540869652672,-1.3010085565706566,-1.4973651602863973,Vonal_C,0
ITEM_00134,83.5548702557364,6.007808689187319,19.74831252797466,245.78579116103526,68.37898139213809,81.7837585606342,89.02968525198368,39.7993117543661,1676.7421473177583,4.413116532924702,0.17847755435849416,7.056024811996648,15.54156480547843,35.149732207820314,0.6288670479992029,-0.24112135731279266,-0.3137206090691091,-2.191133885918973,-0.4926306108955797,0.10756393078704989,-1.2017861209252334,-0.9349937680350733,1.753460480173633,0.34165695011108005,-0.37196279172997365,-0.41917281482383545,-0.0026114832854958027,2.5602307595182228,-0.7260707723769668,0.3760429025966758,-1.0817502812569932,-0.035460838700782676,Vonal_B,1
ITEM_00135,60.16250871037246,3.8270008863775486,27.238524001798424,219.56246988401648,30.769127357512474,86.11991100826076,96.02744226442861,51.40646304440189,1669.6139651235474,2.8132177269550684,0.9097131617206237,6.570137868588251,13.274762323998663,31.404032607931953,1.5908298987879734,-0.3374796466522186,0.14950782443402313,0.964802301300711,0.07031032933692478,-0.3371200726753427,0.8588851009777015,1.0977060996982833,-0.12408430731464502,-1.819025845497082,-1.7064135436505292,-0.0463719632228586,0.18144556056083622,-0.7547872208427515,-0.40106003176650007,0.34440596907674026,-0.6031316305181909,-0.4431737998571476,Vonal_A,0
ITEM_00136,68.02363066353294,3.179660083911103,20.872857962919216,228.26109550858692,48.061788791247295,115.52360564549012,148.4776540795405,66.97294413881455,1350.3232083491057,2.295235743418216,0.35088410157568617,18.249088265035127,16.843628743466788,47.0971568622777,2.514105591085765,0.1747035782510519,1.3703194341327034,0.6888929919270677,1.0012151527695476,-1.3503286181169452,-0.6566193435224172,1.1185763790689305,-0.5622210689180087,2.2689251913687265,1.0503918150873044,0.7114052524736451,0.46493751707177816,0.17190008650076136,1.9337656987487588,-0.23741510665549687,0.5208361792519058,-1.2797628485708075,Vonal_D,0
ITEM_00137,64.24059266495925,2.397723410670205,41.121894956917984,232.21451488582238,38.74597577792857,168.94276001510593,140.22332524693883,51.69161760113213,1469.853427517767,2.2261993327153533,0.9096558580103837,23.113974441719375,15.722956631539962,30.93410902908226,-1.0804386371362613,-0.9512845804695521,0.47360932288116886,-1.2501725396629095,1.5791575505685032,-0.785761975735738,-1.6067954871289427,-1.7106812952102424,1.21945300644416,-2.820573024091047,-0.010325407791438571,-2.240822566460928,-0.467884786694698,0.891911858357859,0.7288948656701604,-0.3797701710688215,0.4310856015082458,-0.6529606919896165,Vonal_C,1
ITEM_00138,64.37739283764861,2.9474399297878104,36.47290682782338,228.23050690959914,48.693227736790924,195.58397238916527,126.9036889268476,54.40932400848514,1332.6718552576428,1.2616307708203727,0.8072181309033181,23.849647464179174,17.035676247914754,35.53017999577013,1.1285323138993215,-1.5660669635725406,-0.6295519748616589,-0.7992795238391928,-1.49295235233347,0.7325722600085984,1.3737422660107728,-0.1572967322706063,1.3738673736590232,-0.3593663141364196,-0.19609146619259057,-1.374508164153773,0.863453079496699,0.40808364645758205,0.285977280794348,1.070999965895532,-1.4333750476046137,-0.7283887237689922,Vonal_D,0
ITEM_00139,61.22622922302325,2.6395825093626257,31.240483250749776,232.9266882587465,43.4496203719475,104.67581486555713,49.05850392694267,66.84496218050722,1518.566048992253,1.0759541423606,0.6083859154587145,3.3513464978458325,15.075070154415696,39.46863911935621,-0.7224874374264587,-0.2019269508102883,-0.9858999736495309,0.03292906358481103,-2.199352136830023,0.01346943772880333,0.4050361700318465,0.3300151335635623,-1.0939882917259307,-0.4112111142903204,-0.8947507874104631,-1.1724688982784346,-1.3423778790269842,2.875424976846029,1.9408659433856095,-1.073408740068056,-1.06852990742363,-0.5751378848977151,Vonal_B,0
ITEM_00140,65.39988474557319,3.2385343367117496,37.23800249501661,223.78301616203998,33.398621719072864,107.91302854204227,150.7278955222917,57.448277365038734,1483.975870328855,2.087541302712542,1.1825975121566377,16.369428558948528,14.777394925753425,34.45786408488911,1.1588886219120316,-1.502389924605159,-0.302345413087382,0.06155100180176716,0.434885938729918,-2.1647732475118002,0.3426067144173876,-1.4637134536318406,0.5083137877026019,0.6742540772465809,0.5552659977530919,0.17981273732424866,-0.42603345849516017,0.7024357222264414,-0.05260641909058442,1.64035571524103,0.5288782525991593,-1.2118178182270176,Vonal_D,0
ITEM_00141,68.18512978923246,4.485090046418168,61.16274250423731,207.87928573449798,34.05613732213659,281.12245973903185,136.75742069114114,70.93302817289576,1478.7741400689888,3.0018487001027614,1.9956861910486459,39.31519195250708,14.001463686723996,45.80351389738544,-0.5591445900505786,0.9645072101387352,0.6015692049055266,0.8104991003512344,-0.22013396576363592,0.1755707470839281,-1.248052407080557,1.7075264061311162,1.3636262129706442,1.4772830438472169,-0.9920199154576526,0.09565042883955775,0.7738124652939147,-1.604348385120369,0.890636274818937,-0.7639144511846954,-0.43169174078007044,1.24584295447997,Vonal_C,0
ITEM_00142,58.21142746279794,3.2137095936943245,28.067036170263062,208.54780429201142,43.25746887406828,167.1132240669358,163.29795324844108,61.55716719383897,1528.4807981733798,2.6409477611991408,0.5155198470643841,26.98734376959823,13.551000463307934,34.28093948496109,-0.4531486815789293,1.86314578706217,0.9477866436619283,-0.5102490811219118,-1.10763255846614,-0.9291979606085683,1.190706774739089,0.3833909966816735,0.04065928486893681,1.7128038893330284,0.46552055688366023,1.0539647630384732,0.99332682982159,-0.45572367147654047,-1.0550804649900722,-1.4014017661031175,-0.15875930298589863,0.20914064606336655,Vonal_C,0
ITEM_00143,77.69589631679334,3.800416685808987,36.16966105371008,204.02450646333253,46.21201260397232,191.58087745144755,118.38421703943546,64.91021171044888,1181.015104420736,3.6238044189925835,0.8169995558836014,20.630725485299227,17.704763497417446,50.32678950391253,1.7520881232586891,-1.1123776949542818,-0.7059875189011858,-0.3279084463890481,1.314357107546218,-0.818831082378058,0.720664001227987,1.8749001260919105,0.2132406704925302,2.539576095094843,0.6427714674421803,-0.023983833919464268,0.20723453131858297,-0.8279723606902025,-0.436299187483117,0.47380969238271875,-0.36226634519539014,-0.49606810859139333,Vonal_E,0
ITEM_00144,59.520594114874825,2.4758497761508744,39.14408712325567,229.45155699810994,39.66108990617481,74.21013572949836,55.19256135533303,61.028784616600035,1528.4256830367444,1.2274136641285553,1.0774065812305043,5.394767220509976,14.726824680610626,35.851046995605884,0.2594403430335385,0.45336210633037577,0.3470564774016786,-0.8899462669969487,-0.6028645946238436,0.6956829469821436,-1.5986112543987958,-1.1050166424311871,-1.2601721889839532,2.4942334035970593,0.19816871842556813,-0.26515744569063837,2.053831957296194,0.6500768589334658,-0.1442429546670553,-0.38676205097944627,-1.45794878563354,0.8283199306270459,Vonal_B,1
ITEM_00145,58.71793028923156,3.6843409044017705,25.101599667140164,214.17345455782672,51.10252288935786,111.09585765822223,154.47056205348755,59.9147616355143,1507.472198172463,2.465602692653759,0.40368152157089143,16.67508329305336,14.466690550989389,38.62913405923742,-0.9098947065424314,-0.646812594080718,-1.4481241264440958,0.7826938091852215,-0.004175721407224048,-0.4658096187090509,-0.15566997507665536,-0.9765959378453272,-0.7957853874212373,1.1978070615203689,0.3360185355585494,-1.7712860832369628,1.668932794469064,0.2835874569016526,-0.28916363792208205,0.9411328402726727,-2.059688304037671,-0.6365195337222217,Vonal_D,0
ITEM_00146,79.54763356764366,4.553840341670132,36.951491514140926,211.39594177230393,42.61709822638424,234.13160936793582,158.23893014652788,53.141305682902264,1138.990183451352,3.5445051213923304,0.9594797008927048,37.732692125523606,18.984400624580445,40.548429254409434,0.49293538855803226,0.5733649291434295,-0.884836562886768,-0.7972741829568883,-1.1620028566000473,-1.336202183164587,1.1607926346427822,0.6169139828952694,1.6280143838490138,0.3165674021405673,0.07273176753795313,1.7076672355920426,-0.6708537077793395,-0.6096533181435396,0.2755652422778853,-0.20168426001265216,-1.0066212088129378,0.3259736754064931,Vonal_E,1
ITEM_00147,59.46486537723047,2.9552381286691594,36.12703607690695,228.86814646479655,34.82533607666312,134.93768124205553,154.67014938998454,66.90160352153491,1527.719218057315,1.337029886819861,1.0469533739003887,24.650527502551473,14.901667014916102,41.47560006284018,1.266372608447828,-1.0689093369590466,0.8086807828395298,-1.3715282741892698,-1.0422312641076852,-0.24940365907816459,0.027608471467787724,1.108143663607268,0.26088183996982905,-1.0258293096167894,-2.9780518158037963,-1.0719511884004265,-1.4768408130423922,0.10473500141265939,1.0129164543806355,-0.7693559174802209,1.076761157311961,0.04949930308388387,Vonal_E,0
ITEM_00148,68.68309324305861,4.573107196197677,31.370326292390033,215.62491696219885,43.604461323842244,188.079135205129,132.64508487122572,69.32233584419251,1309.430850942274,3.3548503210285134,0.6220477764947075,25.40797652612497,16.330781747890295,50.266229385836716,0.3490642022593634,0.15980470573493383,-0.4966155611404609,-1.2552597384849236,-1.0899443428460645,-2.3983483450185403,-1.0296100386288844,0.166546967449096,1.0173681071153249,1.2250631034838364,-0.06051492116274103,1.2505237300355645,-1.8940868422680364,-0.24804304210953537,0.08907902657359988,-0.31786172473337393,-0.7952966082360606,-0.15277216285832698,Vonal_C,1
ITEM_00149,54.07995752123022,3.3586057006515624,26.281896487501935,204.1834038353652,41.13280746459971,166.36544691121452,121.5240048041753,38.29452987047715,1138.308799131677,2.3278688769252898,0.7552010858863188,20.587216694325342,17.802009672826113,23.59803211210398,-0.17390084469763503,0.08907595699136002,1.092617795138827,0.4033127316664826,2.342947418516282,-0.7952666062516641,1.823569179515096,1.2238127473045894,1.175564540718074,0.4535376615252985,0.22171262819986076,-0.8272557972506522,0.5645781790418106,-0.523145657106861,-0.19536907239278498,0.1084589054113593,0.2421329051885631,0.87092267818831,Vonal_D,0
